x-axis,1,2
second,Volt,Volt
+53.20000E-03,+4.29711059E+00,-2.31283E-03
+53.25000E-03,+4.29711059E+00,-2.79528E-03
+53.30000E-03,+4.44987073E+00,-383.17E-06
+53.35000E-03,+4.29711059E+00,-383.17E-06
+53.40000E-03,+4.59459225E+00,+662.12E-06
+53.45000E-03,+4.49811561E+00,+1.30521E-03
+53.50000E-03,+4.49811561E+00,+1.22495E-03
+53.55000E-03,+4.58656675E+00,+742.37E-06
+53.60000E-03,+4.68303027E+00,-222.26E-06
+53.65000E-03,+4.44184523E+00,-945.87E-06
+53.70000E-03,+4.62674676E+00,-3.11695E-03
+53.75000E-03,+4.49811561E+00,-2.39322E-03
+53.80000E-03,+4.42576798E+00,-1.10664E-03
+53.85000E-03,+4.55441224E+00,-946.13E-06
+53.90000E-03,+4.49811561E+00,-543.81E-06
+53.95000E-03,+4.29711059E+00,-1.26741E-03
+54.00000E-03,+4.45789624E+00,+822.50E-06
+54.05000E-03,+4.32925197E+00,-383.17E-06
+54.10000E-03,+4.30510985E+00,-1.34819E-03
+54.15000E-03,+4.14438981E+00,-383.17E-06
+54.20000E-03,+4.29711059E+00,-383.17E-06
+54.25000E-03,+4.49811561E+00,-784.70E-06
+54.30000E-03,+4.10417043E+00,-463.81E-06
+54.35000E-03,+4.22469734E+00,-383.17E-06
+54.40000E-03,+4.09610556E+00,-383.17E-06
+54.45000E-03,+3.90311292E+00,-383.17E-06
+54.50000E-03,+4.09610556E+00,-1.18690E-03
+54.55000E-03,+4.20056834E+00,+1.62688E-03
+54.60000E-03,+4.27302095E+00,-383.17E-06
+54.65000E-03,+4.09610556E+00,-383.17E-06
+54.70000E-03,+3.89510053E+00,-3.75939E-03
+54.75000E-03,+4.05593867E+00,-2.39322E-03
+54.80000E-03,+3.89510053E+00,+501.61E-06
+54.85000E-03,+3.71021213E+00,-544.33E-06
+54.90000E-03,+3.63785137E+00,-1.83077E-03
+54.95000E-03,+3.62169538E+00,-945.21E-06
+55.00000E-03,+3.49312985E+00,-382.77E-06
+55.05000E-03,+3.62177411E+00,-1.10638E-03
+55.10000E-03,+3.43676761E+00,-383.17E-06
+55.15000E-03,+3.30812334E+00,-383.17E-06
+55.20000E-03,+3.20368681E+00,+742.90E-06
+55.25000E-03,+3.21159422E+00,-4.00081E-03
+55.30000E-03,+3.25997031E+00,-383.17E-06
+55.35000E-03,+2.99455130E+00,+582.13E-06
+55.40000E-03,+2.89007540E+00,+1.14352E-03
+55.45000E-03,+2.84188301E+00,+1.14496E-03
+55.50000E-03,+2.60861850E+00,-1.58870E-03
+55.55000E-03,+2.88198429E+00,-302.25E-06
+55.60000E-03,+2.48806535E+00,-2.39322E-03
+55.65000E-03,+2.62469575E+00,-1.67066E-03
+55.70000E-03,+2.28706032E+00,-383.17E-06
+55.75000E-03,+2.28706032E+00,-383.17E-06
+55.80000E-03,+2.13435266E+00,-1.91024E-03
+55.85000E-03,+2.11011869E+00,-623.80E-06
+55.90000E-03,+1.88505027E+00,-1.34741E-03
+55.95000E-03,+1.88505027E+00,-2.07101E-03
+56.00000E-03,+1.72418589E+00,+1.22548E-03
+56.05000E-03,+1.54754605E+00,+1.38691E-03
+56.10000E-03,+1.49918307E+00,-2.23179E-03
+56.15000E-03,+1.42682231E+00,+179.01E-06
+56.20000E-03,+1.48304021E+00,-383.17E-06
+56.25000E-03,+1.28196958E+00,-2.39125E-03
+56.30000E-03,+1.08103016E+00,+339.79E-06
+56.35000E-03,+1.08103016E+00,+180.33E-06
+56.40000E-03,+880.02513E-03,-383.17E-06
+56.45000E-03,+679.02011E-03,+743.16E-06
+56.50000E-03,+518.28694E-03,+821.45E-06
+56.55000E-03,+478.01508E-03,-62.28E-06
+56.60000E-03,+478.01508E-03,-383.17E-06
+56.65000E-03,+301.20466E-03,-2.39322E-03
+56.70000E-03,+228.84390E-03,+1.14522E-03
+56.75000E-03,+156.48314E-03,+2.02737E-03
+56.80000E-03,+277.01005E-03,-464.34E-06
+56.85000E-03,+76.00503E-03,+1.62688E-03
+56.90000E-03,-261.60416E-03,+1.62688E-03
+56.95000E-03,-519.05016E-03,+1.54729E-03
+57.00000E-03,-245.68437E-03,+420.04E-06
+57.05000E-03,-527.01005E-03,+2.11012E-03
+57.10000E-03,-703.97793E-03,-383.17E-06
+57.15000E-03,-728.01508E-03,-301.07E-06
+57.20000E-03,-760.26144E-03,-383.17E-06
+57.25000E-03,-929.02011E-03,+423.45E-06
+57.30000E-03,-1.13002513E+00,+741.59E-06
+57.35000E-03,-1.13002513E+00,-383.17E-06
+57.40000E-03,-1.27483850E+00,-1.26938E-03
+57.45000E-03,-1.33103016E+00,-1.66869E-03
+57.50000E-03,-1.53203519E+00,+1.62505E-03
+57.55000E-03,-1.53203519E+00,-1.82854E-03
+57.60000E-03,-1.58841055E+00,+180.59E-06
+57.65000E-03,-1.73304021E+00,-2.07351E-03
+57.70000E-03,-2.02239140E+00,+1.62688E-03
+57.75000E-03,-1.93404524E+00,+1.62688E-03
+57.80000E-03,-1.96610789E+00,+1.30626E-03
+57.85000E-03,-2.23947368E+00,+582.65E-06
+57.90000E-03,-2.13505027E+00,-383.17E-06
+57.95000E-03,-2.33605529E+00,-383.17E-06
+58.00000E-03,-2.53706032E+00,+1.62688E-03
+58.05000E-03,-2.55334752E+00,-301.73E-06
+58.10000E-03,-2.53706032E+00,+259.01E-06
+58.15000E-03,-2.67363824E+00,-383.17E-06
+58.20000E-03,-2.74599900E+00,-2.31388E-03
+58.25000E-03,-2.97948657E+00,-383.17E-06
+58.30000E-03,-2.93907037E+00,-866.66E-06
+58.35000E-03,-3.14007540E+00,+1.62688E-03
+58.40000E-03,-3.23644707E+00,+497.93E-06
+58.45000E-03,-3.27653523E+00,+981.43E-06
+58.50000E-03,-3.34108043E+00,-383.17E-06
+58.55000E-03,-3.45352935E+00,+741.32E-06
+58.60000E-03,-3.35727577E+00,-59.26E-06
+58.65000E-03,-3.74309048E+00,+2.18854E-03
+58.70000E-03,-3.46960660E+00,+341.62E-06
+58.75000E-03,-3.54220355E+00,+3.63457E-03
+58.80000E-03,-3.61432812E+00,-1.67079E-03
+58.85000E-03,-3.59848706E+00,+2.19090E-03
+58.90000E-03,-3.94409551E+00,+3.31775E-03
+58.95000E-03,-3.94409551E+00,+1.62688E-03
+59.00000E-03,-4.10477619E+00,-383.17E-06
+59.05000E-03,-4.11306412E+00,-62.80E-06
+59.10000E-03,-4.04070336E+00,-1.42714E-03
+59.15000E-03,-3.96834260E+00,+1.62688E-03
+59.20000E-03,-4.29799190E+00,+97.97E-06
+59.25000E-03,-4.34610556E+00,+422.14E-06
+59.30000E-03,-4.34610556E+00,-383.17E-06
+59.35000E-03,-4.28191464E+00,+258.74E-06
+59.40000E-03,-4.41055891E+00,-383.17E-06
+59.45000E-03,-4.34610556E+00,-383.17E-06
+59.50000E-03,-4.34610556E+00,+824.20E-06
+59.55000E-03,-4.49873449E+00,-866.93E-06
+59.60000E-03,-4.37009022E+00,-143.32E-06
+59.65000E-03,-4.34610556E+00,+1.62688E-03
+59.70000E-03,-4.34610556E+00,+1.30390E-03
+59.75000E-03,-4.42622939E+00,+1.22627E-03
+59.80000E-03,-4.52327026E+00,-621.57E-06
+59.85000E-03,-4.34610556E+00,+1.62688E-03
+59.90000E-03,-4.54711059E+00,+1.62688E-03
+59.95000E-03,-4.47460549E+00,+341.89E-06
+60.00000E-03,-4.54725493E+00,-384.61E-06
+60.05000E-03,-4.41832198E+00,-1.82749E-03
+60.10000E-03,-4.60353843E+00,+745.39E-06
+60.15000E-03,-4.54711059E+00,-383.17E-06
+60.20000E-03,-4.54711059E+00,+1.62688E-03
+60.25000E-03,-4.38645615E+00,+20.34E-06
+60.30000E-03,-4.51510042E+00,-2.39322E-03
+60.35000E-03,-4.55484742E+00,-305.80E-06
+60.40000E-03,-4.52283725E+00,+1.62688E-03
+60.45000E-03,-4.34610556E+00,-383.17E-06
+60.50000E-03,-4.46655374E+00,-383.17E-06
+60.55000E-03,-4.34610556E+00,-2.39322E-03
+60.60000E-03,-4.34610556E+00,-1.75157E-03
+60.65000E-03,-4.14510053E+00,+982.09E-06
+60.70000E-03,-4.14510053E+00,+1.54807E-03
+60.75000E-03,-4.22534246E+00,-383.17E-06
+60.80000E-03,-4.19350287E+00,-383.17E-06
+60.85000E-03,-3.96805393E+00,-143.58E-06
+60.90000E-03,-4.14510053E+00,+1.62688E-03
+60.95000E-03,-3.94409551E+00,+1.62688E-03
+61.00000E-03,-4.14510053E+00,-1.99286E-03
+61.05000E-03,-3.94409551E+00,+1.62688E-03
+61.10000E-03,-3.92784767E+00,-2.39322E-03
+61.15000E-03,-3.74309048E+00,-1.83209E-03
+61.20000E-03,-3.67055914E+00,-383.17E-06
+61.25000E-03,-3.74309048E+00,-2.39322E-03
+61.30000E-03,-3.61427563E+00,-1.67131E-03
+61.35000E-03,-3.63018230E+00,-947.71E-06
+61.40000E-03,-3.54208545E+00,-542.23E-06
+61.45000E-03,-3.42934786E+00,-383.17E-06
+61.50000E-03,-3.30070359E+00,-3.59573E-03
+61.55000E-03,-3.17205933E+00,-1.75354E-03
+61.60000E-03,-3.14007540E+00,-1.42661E-03
+61.65000E-03,-3.14007540E+00,-3.67428E-03
+61.70000E-03,-2.98713155E+00,-1.43199E-03
+61.75000E-03,-2.93907037E+00,+422.67E-06
+61.80000E-03,-2.93084804E+00,-465.39E-06
+61.85000E-03,-2.73806535E+00,-383.17E-06
+61.90000E-03,-2.67355951E+00,+261.89E-06
+61.95000E-03,-2.73806535E+00,+1.54834E-03
+62.00000E-03,-2.45684464E+00,-383.17E-06
+62.05000E-03,-2.13505027E+00,+1.62688E-03
+62.10000E-03,-2.31212312E+00,+95.48E-06
+62.15000E-03,-2.23134320E+00,-383.17E-06
+62.20000E-03,-2.13505027E+00,-2.06970E-03
+62.25000E-03,-1.93404524E+00,-3.60308E-03
+62.30000E-03,-1.73304021E+00,-7.29966E-03
+62.35000E-03,-1.73304021E+00,-2.55596E-03
+62.40000E-03,-1.53203519E+00,+4.52525E-03
+62.45000E-03,-1.58792505E+00,+2.35246E-03
+62.50000E-03,-1.33103016E+00,-2.38928E-03
+62.55000E-03,-1.53203519E+00,-5.12491E-03
+62.60000E-03,-1.41907452E+00,-4.40327E-03
+62.65000E-03,-1.13002513E+00,-2.23441E-03
+62.70000E-03,-1.04178394E+00,+744.47E-06
+62.75000E-03,-768.41816E-03,-383.17E-06
+62.80000E-03,-728.01508E-03,+987.73E-06
+62.85000E-03,-728.01508E-03,-3.43640E-03
+62.90000E-03,-703.68925E-03,-383.17E-06
+62.95000E-03,-679.98015E-03,-3.44257E-03
+63.00000E-03,-446.40072E-03,+820.79E-06
+63.05000E-03,-116.75143E-03,-465.65E-06
+63.10000E-03,-326.00503E-03,-1.75209E-03
+63.15000E-03,+11.47295E-03,-2.39322E-03
+63.20000E-03,+68.17635E-03,-2.31493E-03
+63.25000E-03,+156.19447E-03,-2.39322E-03
+63.30000E-03,+124.45985E-03,+657.79E-06
+63.35000E-03,+454.10915E-03,-383.17E-06
+63.40000E-03,+478.01508E-03,+579.50E-06
+63.45000E-03,+815.26999E-03,-383.17E-06
+63.50000E-03,+679.02011E-03,-3.60360E-03
+63.55000E-03,+791.36405E-03,-1.03295E-03
+63.60000E-03,+880.02513E-03,-2.23021E-03
+63.65000E-03,+1.02496972E+00,-3.28206E-03
+63.70000E-03,+1.08103016E+00,-2.39322E-03
+63.75000E-03,+880.69434E-03,-2.39545E-03
+63.80000E-03,+1.35417288E+00,-1.10454E-03
+63.85000E-03,+1.37002706E+00,-2.39322E-03
+63.90000E-03,+1.49889440E+00,-2.39322E-03
+63.95000E-03,+1.68404524E+00,-1.26532E-03
+64.00000E-03,+1.88505027E+00,-3.99897E-03
+64.05000E-03,+1.68404524E+00,+1.30757E-03
+64.10000E-03,+1.98176310E+00,-1.42609E-03
+64.15000E-03,+2.08605529E+00,-626.69E-06
+64.20000E-03,+2.39204796E+00,-863.25E-06
+64.25000E-03,+2.28706032E+00,-383.17E-06
+64.30000E-03,+2.48806535E+00,-2.31047E-03
+64.35000E-03,+2.48806535E+00,-1.66488E-03
+64.40000E-03,+2.68907037E+00,-4.40327E-03
+64.45000E-03,+2.49586778E+00,-461.19E-06
+64.50000E-03,+2.76923357E+00,-2.39322E-03
+64.55000E-03,+2.73755144E+00,-383.17E-06
+64.60000E-03,+3.06720074E+00,-2.63201E-03
+64.65000E-03,+2.89007540E+00,-1.43081E-03
+64.70000E-03,+3.12348424E+00,-707.20E-06
+64.75000E-03,+3.09108043E+00,-2.39322E-03
+64.80000E-03,+3.20339813E+00,-1.50634E-03
+64.85000E-03,+3.30841202E+00,-2.55648E-03
+64.90000E-03,+3.43705628E+00,+506.20E-06
+64.95000E-03,+3.29208545E+00,-1.83537E-03
+65.00000E-03,+3.49333979E+00,-2.38823E-03
+65.05000E-03,+3.62198406E+00,-1.10428E-03
+65.10000E-03,+3.69409551E+00,-383.17E-06
+65.15000E-03,+3.67826756E+00,-2.23494E-03
+65.20000E-03,+3.98328924E+00,-1.01878E-03
+65.25000E-03,+3.73455107E+00,-787.72E-06
+65.30000E-03,+3.89510053E+00,-2.39322E-03
+65.35000E-03,+3.99936649E+00,-1.42583E-03
+65.40000E-03,+4.07172725E+00,-2.14943E-03
+65.45000E-03,+4.09610556E+00,-383.17E-06
+65.50000E-03,+4.09610556E+00,-1.58660E-03
+65.55000E-03,+4.09610556E+00,-2.47623E-03
+65.60000E-03,+4.16016526E+00,-2.39322E-03
+65.65000E-03,+4.29711059E+00,-383.17E-06
+65.70000E-03,+4.49811561E+00,-2.39322E-03
+65.75000E-03,+4.29711059E+00,-383.17E-06
+65.80000E-03,+4.29711059E+00,-1.90814E-03
+65.85000E-03,+4.32096403E+00,-2.39322E-03
+65.90000E-03,+4.40190141E+00,-383.17E-06
+65.95000E-03,+4.32954065E+00,-2.39322E-03
+66.00000E-03,+4.49811561E+00,-1.99391E-03
+66.05000E-03,+4.47453772E+00,-1.27030E-03
+66.10000E-03,+4.32981620E+00,-2.39322E-03
+66.15000E-03,+4.49811561E+00,-3.28311E-03
+66.20000E-03,+4.57075193E+00,-940.49E-06
+66.25000E-03,+4.69884509E+00,-388.68E-06
+66.30000E-03,+4.62703543E+00,-1.67236E-03
+66.35000E-03,+4.41022871E+00,+495.70E-06
+66.40000E-03,+4.31291229E+00,-699.20E-06
+66.45000E-03,+4.61095818E+00,-3.27484E-03
+66.50000E-03,+4.65863883E+00,-1.98840E-03
+66.55000E-03,+4.49811561E+00,-2.39322E-03
+66.60000E-03,+4.49811561E+00,-2.46796E-03
+66.65000E-03,+4.67471609E+00,-383.17E-06
+66.70000E-03,+4.54607182E+00,-862.73E-06
+66.75000E-03,+4.49811561E+00,+13.12E-06
+66.80000E-03,+4.29711059E+00,-383.17E-06
+66.85000E-03,+4.36114405E+00,-3.12260E-03
+66.90000E-03,+4.56989902E+00,-1.02927E-03
+66.95000E-03,+4.30486054E+00,-2.31572E-03
+67.00000E-03,+4.21699988E+00,+825.78E-06
+67.05000E-03,+4.14463912E+00,-1.42254E-03
+67.10000E-03,+4.32093779E+00,-621.44E-06
+67.15000E-03,+4.40192765E+00,-383.17E-06
+67.20000E-03,+4.09610556E+00,-1.74409E-03
+67.25000E-03,+4.13601002E+00,-2.39322E-03
+67.30000E-03,+4.18484537E+00,-383.17E-06
+67.35000E-03,+4.07972651E+00,-383.17E-06
+67.40000E-03,+4.04012385E+00,-942.98E-06
+67.45000E-03,+3.96776309E+00,-383.17E-06
+67.50000E-03,+3.69409551E+00,-386.18E-06
+67.55000E-03,+3.82304157E+00,+337.42E-06
+67.60000E-03,+3.83851523E+00,-383.17E-06
+67.65000E-03,+3.67832005E+00,-383.17E-06
+67.70000E-03,+3.69409551E+00,-383.17E-06
+67.75000E-03,+3.69409551E+00,-788.25E-06
+67.80000E-03,+3.49309048E+00,+1.30836E-03
+67.85000E-03,+3.38887701E+00,-1.35108E-03
+67.90000E-03,+3.13994202E+00,-2.14891E-03
+67.95000E-03,+3.24415549E+00,-383.17E-06
+68.00000E-03,+3.29208545E+00,-383.17E-06
+68.05000E-03,+3.08272688E+00,-2.30968E-03
+68.10000E-03,+2.95408262E+00,-383.17E-06
+68.15000E-03,+2.89007540E+00,-312.23E-06
+68.20000E-03,+2.69679408E+00,-460.40E-06
+68.25000E-03,+2.68907037E+00,-1.98485E-03
+68.30000E-03,+2.53662515E+00,+1.62688E-03
+68.35000E-03,+2.48806535E+00,-383.17E-06
+68.40000E-03,+2.48806535E+00,-383.17E-06
+68.45000E-03,+2.48806535E+00,-2.39322E-03
+68.50000E-03,+2.44818713E+00,-1.18073E-03
+68.55000E-03,+2.17482135E+00,+269.77E-06
+68.60000E-03,+1.88505027E+00,+1.29878E-03
+68.65000E-03,+1.88505027E+00,+507.78E-06
+68.70000E-03,+1.81236147E+00,-939.44E-06
+68.75000E-03,+1.88439419E+00,-383.17E-06
+68.80000E-03,+1.81301755E+00,-383.17E-06
+68.85000E-03,+1.53965176E+00,-383.17E-06
+68.90000E-03,+1.66829603E+00,-698.15E-06
+68.95000E-03,+1.28203519E+00,+497.93E-06
+69.00000E-03,+1.28203519E+00,+1.22154E-03
+69.05000E-03,+1.04920369E+00,-2.71148E-03
+69.10000E-03,+1.08103016E+00,-309.47E-06
+69.15000E-03,+880.02513E-03,-2.14865E-03
+69.20000E-03,+679.02011E-03,-1.43514E-03
+69.25000E-03,+558.75563E-03,-2.39322E-03
+69.30000E-03,+478.01508E-03,-466.96E-06
+69.35000E-03,+541.99605E-03,+256.64E-06
+69.40000E-03,+277.01005E-03,-3.03985E-03
+69.45000E-03,+277.01005E-03,+1.62688E-03
+69.50000E-03,+156.06325E-03,-383.17E-06
+69.55000E-03,-125.00000E-03,-2.87908E-03
+69.60000E-03,-125.00000E-03,-145.42E-06
+69.65000E-03,-326.00503E-03,+665.53E-06
+69.70000E-03,-494.50126E-03,-58.08E-06
+69.75000E-03,-527.01005E-03,-383.17E-06
+69.80000E-03,-615.80235E-03,-148.96E-06
+69.85000E-03,-728.01508E-03,+1.62688E-03
+69.90000E-03,-929.02011E-03,+1.06759E-03
+69.95000E-03,-856.30506E-03,-383.17E-06
+70.00000E-03,-929.37439E-03,+1.61980E-03
+70.05000E-03,-1.05801866E+00,-1.67315E-03
+70.10000E-03,-1.27439237E+00,+494.13E-06
+70.15000E-03,-1.31530719E+00,+1.46965E-03
+70.20000E-03,-1.41911389E+00,-1.26400E-03
+70.25000E-03,-1.49147465E+00,-788.77E-06
+70.30000E-03,-1.53203519E+00,-65.16E-06
+70.35000E-03,-1.63619617E+00,-1.42478E-03
+70.40000E-03,-1.55651847E+00,-2.14838E-03
+70.45000E-03,-1.78091769E+00,+1.14811E-03
+70.50000E-03,-1.89457380E+00,-1.58555E-03
+70.55000E-03,-2.14345630E+00,-299.11E-06
+70.60000E-03,-2.13505027E+00,-383.17E-06
+70.65000E-03,-2.19973981E+00,-383.17E-06
+70.70000E-03,-2.33605529E+00,-2.39322E-03
+70.75000E-03,-2.45702834E+00,-792.58E-06
+70.80000E-03,-2.53706032E+00,-869.29E-06
+70.85000E-03,-2.73806535E+00,-3.92830E-03
+70.90000E-03,-2.73806535E+00,+665.79E-06
+70.95000E-03,-2.77060038E+00,-383.17E-06
+71.00000E-03,-2.97889610E+00,+15.09E-06
+71.05000E-03,-3.02788891E+00,-383.17E-06
+71.10000E-03,-3.14007540E+00,-218.59E-06
+71.15000E-03,-3.28517745E+00,-383.17E-06
+71.20000E-03,-3.14007540E+00,+1.62688E-03
+71.25000E-03,-3.14045593E+00,-2.38561E-03
+71.30000E-03,-3.34108043E+00,+907.08E-06
+71.35000E-03,-3.39774446E+00,-383.17E-06
+71.40000E-03,-3.55778218E+00,-383.17E-06
+71.45000E-03,-3.63014294E+00,-383.17E-06
+71.50000E-03,-3.74309048E+00,-2.39322E-03
+71.55000E-03,-3.57385943E+00,-65.43E-06
+71.60000E-03,-3.84722522E+00,-383.17E-06
+71.65000E-03,-3.74309048E+00,+1.13669E-03
+71.70000E-03,-3.94409551E+00,-1.91470E-03
+71.75000E-03,-3.94409551E+00,-383.17E-06
+71.80000E-03,-3.95252778E+00,-298.84E-06
+71.85000E-03,-4.14510053E+00,-383.17E-06
+71.90000E-03,-4.28138978E+00,+332.57E-06
+71.95000E-03,-4.34610556E+00,+3.48404E-03
+72.00000E-03,-4.22510627E+00,+1.21695E-03
+72.05000E-03,-4.34610556E+00,-869.55E-06
+72.10000E-03,-4.32238333E+00,+1.62688E-03
+72.15000E-03,-4.24118353E+00,-294.78E-06
+72.20000E-03,-4.37866684E+00,-2.06760E-03
+72.25000E-03,-4.46751162E+00,-6.41332E-03
+72.30000E-03,-4.34610556E+00,-10.43342E-03
+72.35000E-03,-4.36258958E+00,-4.40327E-03
+72.40000E-03,-4.20097727E+00,+175.60E-06
+72.45000E-03,-4.34610556E+00,+344.51E-06
+72.50000E-03,-4.54670382E+00,-2.39322E-03
+72.55000E-03,-4.54711059E+00,+1.62688E-03
+72.60000E-03,-4.54711059E+00,+7.09013E-03
+72.65000E-03,-4.51576962E+00,+1.78359E-03
+72.70000E-03,-4.66008437E+00,-383.17E-06
+72.75000E-03,-4.54711059E+00,+814.62E-06
+72.80000E-03,-4.40960103E+00,+1.30941E-03
+72.85000E-03,-4.64400712E+00,+1.62688E-03
+72.90000E-03,-4.54711059E+00,-1.90250E-03
+72.95000E-03,-4.54711059E+00,+1.14863E-03
+73.00000E-03,-4.54711059E+00,+1.62688E-03
+73.05000E-03,-4.35456408E+00,-383.17E-06
+73.10000E-03,-4.41000780E+00,+987.86E-06
+73.15000E-03,-4.34610556E+00,+911.67E-06
+73.20000E-03,-4.54711059E+00,+1.62688E-03
+73.25000E-03,-4.22508003E+00,+827.09E-06
+73.30000E-03,-4.34610556E+00,+166.94E-06
+73.35000E-03,-4.34610556E+00,-146.21E-06
+73.40000E-03,-4.24115728E+00,+577.40E-06
+73.45000E-03,-4.17768805E+00,-383.17E-06
+73.50000E-03,-3.98386875E+00,-383.17E-06
+73.55000E-03,-4.12183756E+00,-2.39322E-03
+73.60000E-03,-4.14510053E+00,+1.46178E-03
+73.65000E-03,-3.99994600E+00,+175.34E-06
+73.70000E-03,-3.87130173E+00,+898.95E-06
+73.75000E-03,-3.94409551E+00,-383.17E-06
+73.80000E-03,-4.01602325E+00,-2.39322E-03
+73.85000E-03,-3.79980700E+00,+492.55E-06
+73.90000E-03,-3.75873472E+00,-226.72E-06
+73.95000E-03,-3.74309048E+00,-1.51317E-03
+74.00000E-03,-3.70245121E+00,+23.23E-06
+74.05000E-03,-3.74309048E+00,-383.17E-06
+74.10000E-03,-3.43800320E+00,-383.17E-06
+74.15000E-03,-3.36564244E+00,+1.38126E-03
+74.20000E-03,-3.38887917E+00,-1.91523E-03
+74.25000E-03,-3.46123993E+00,-2.39322E-03
+74.30000E-03,-3.33259567E+00,-383.17E-06
+74.35000E-03,-3.20395140E+00,+988.12E-06
+74.40000E-03,-3.14007540E+00,+264.52E-06
+74.45000E-03,-2.93907037E+00,+1.55096E-03
+74.50000E-03,-2.93907037E+00,-1.18270E-03
+74.55000E-03,-2.93907037E+00,-3.42945E-03
+74.60000E-03,-2.56073007E+00,-383.17E-06
+74.65000E-03,-2.53706032E+00,-472.61E-06
+74.70000E-03,-2.53706032E+00,-1.74094E-03
+74.75000E-03,-2.49731332E+00,-2.39322E-03
+74.80000E-03,-2.35926578E+00,+737.91E-06
+74.85000E-03,-2.15158678E+00,-383.17E-06
+74.90000E-03,-2.13505027E+00,+175.08E-06
+74.95000E-03,-2.06223025E+00,-936.82E-06
+75.00000E-03,-1.93358598E+00,-383.17E-06
+75.05000E-03,-1.73304021E+00,-955.19E-06
+75.10000E-03,-1.99078800E+00,-950.59E-06
+75.15000E-03,-1.73304021E+00,+1.47070E-03
+75.20000E-03,-1.53203519E+00,+496.62E-06
+75.25000E-03,-1.33103016E+00,+23.49E-06
+75.30000E-03,-1.29933491E+00,-2.39322E-03
+75.35000E-03,-1.23408114E+00,+657.39E-06
+75.40000E-03,-1.13002513E+00,-4.15738E-03
+75.45000E-03,-929.02011E-03,+94.56E-06
+75.50000E-03,-808.88684E-03,-1.58450E-03
+75.55000E-03,-929.02011E-03,-298.06E-06
+75.60000E-03,-664.16532E-03,-1.75472E-03
+75.65000E-03,-656.59908E-03,-1.03111E-03
+75.70000E-03,-519.44380E-03,-458.83E-06
+75.75000E-03,-125.00000E-03,-1.18244E-03
+75.80000E-03,-277.28777E-03,-1.35751E-03
+75.85000E-03,-302.36153E-03,-383.17E-06
+75.90000E-03,+76.00503E-03,-1.43317E-03
+75.95000E-03,+244.37005E-03,-383.17E-06
+76.00000E-03,+358.85282E-03,+832.47E-06
+76.05000E-03,+389.09157E-03,-383.17E-06
+76.10000E-03,+478.01508E-03,-4.07201E-03
+76.15000E-03,+567.42409E-03,-383.17E-06
+76.20000E-03,+478.01508E-03,+1.62688E-03
+76.25000E-03,+679.02011E-03,-388.02E-06
+76.30000E-03,+750.89537E-03,+189.38E-06
+76.35000E-03,+792.55812E-03,+1.05919E-03
+76.40000E-03,+1.08103016E+00,-383.17E-06
+76.45000E-03,+1.16898267E+00,+1.62688E-03
+76.50000E-03,+1.28203519E+00,-383.17E-06
+76.55000E-03,+1.28203519E+00,-3.76989E-03
+76.60000E-03,+1.69109975E+00,-2.32267E-03
+76.65000E-03,+1.48304021E+00,+1.38074E-03
+76.70000E-03,+1.68404524E+00,-1.91575E-03
+76.75000E-03,+1.88505027E+00,-383.17E-06
+76.80000E-03,+1.89358751E+00,-2.30784E-03
+76.85000E-03,+2.08605529E+00,+255.07E-06
+76.90000E-03,+2.08605529E+00,+265.04E-06
+76.95000E-03,+2.08605529E+00,-2.31782E-03
+77.00000E-03,+2.28706032E+00,-795.20E-06
+77.05000E-03,+2.48806535E+00,+104.27E-06
+77.10000E-03,+2.28706032E+00,+1.62688E-03
+77.15000E-03,+2.68907037E+00,-1.43344E-03
+77.20000E-03,+2.68907037E+00,-56.50E-06
+77.25000E-03,+2.72876489E+00,-2.39322E-03
+77.30000E-03,+2.97902516E+00,-1.27266E-03
+77.35000E-03,+2.89007540E+00,-2.39322E-03
+77.40000E-03,+2.89007540E+00,-383.17E-06
+77.45000E-03,+3.21921295E+00,-2.21709E-03
+77.50000E-03,+3.29208545E+00,-388.28E-06
+77.55000E-03,+3.29208545E+00,-4.25785E-03
+77.60000E-03,+3.43629523E+00,-383.17E-06
+77.65000E-03,+3.49309048E+00,-2.54887E-03
+77.70000E-03,+3.60616924E+00,+747.62E-06
+77.75000E-03,+3.49309048E+00,-1.98604E-03
+77.80000E-03,+3.69409551E+00,-2.39322E-03
+77.85000E-03,+3.79809903E+00,-453.19E-06
+77.90000E-03,+3.87045979E+00,-629.57E-06
+77.95000E-03,+4.04838554E+00,-1.91602E-03
+78.00000E-03,+3.89510053E+00,+1.62688E-03
+78.05000E-03,+3.89510053E+00,-297.53E-06
+78.10000E-03,+4.23331332E+00,-383.17E-06
+78.15000E-03,+4.03125856E+00,-1.03164E-03
+78.20000E-03,+4.09610556E+00,-2.31808E-03
+78.25000E-03,+4.17598008E+00,+2.03944E-03
+78.30000E-03,+4.29711059E+00,-870.86E-06
+78.35000E-03,+4.29711059E+00,-383.17E-06
+78.40000E-03,+4.20115881E+00,+576.35E-06
+78.45000E-03,+4.36249557E+00,-2.06629E-03
+78.50000E-03,+4.33677886E+00,-2.39322E-03
+78.55000E-03,+4.40913962E+00,-383.17E-06
+78.60000E-03,+4.31372583E+00,-2.39322E-03
+78.65000E-03,+4.35285611E+00,+1.62688E-03
+78.70000E-03,+4.42521687E+00,-560.08E-06
+78.75000E-03,+4.29764857E+00,-2.39322E-03
+78.80000E-03,+4.49811561E+00,-383.17E-06
+78.85000E-03,+4.55493711E+00,-383.17E-06
+78.90000E-03,+4.49811561E+00,-2.08243E-03
+78.95000E-03,+4.38501061E+00,-1.26217E-03
+79.00000E-03,+4.61763216E+00,+24.28E-06
+79.05000E-03,+4.46649909E+00,-699.33E-06
+79.10000E-03,+4.49811561E+00,-2.32372E-03
+79.15000E-03,+4.67445365E+00,-383.17E-06
+79.20000E-03,+4.34480436E+00,-1.91628E-03
+79.25000E-03,+4.49811561E+00,-774.21E-06
+79.30000E-03,+4.69053091E+00,+1.45509E-03
+79.35000E-03,+4.49811561E+00,+2.36151E-03
+79.40000E-03,+4.43324237E+00,-1.09575E-03
+79.45000E-03,+4.31208563E+00,-308.29E-06
+79.50000E-03,+4.21726231E+00,-2.39322E-03
+79.55000E-03,+4.34590658E+00,+2.66102E-03
+79.60000E-03,+4.29711059E+00,-383.17E-06
+79.65000E-03,+4.40219008E+00,-1.25088E-03
+79.70000E-03,+4.43267814E+00,-383.17E-06
+79.75000E-03,+4.25746856E+00,-779.59E-06
+79.80000E-03,+4.29711059E+00,-1.50319E-03
+79.85000E-03,+4.28046911E+00,-549.58E-06
+79.90000E-03,+4.09610556E+00,-383.17E-06
+79.95000E-03,+4.22418560E+00,-383.17E-06
+80.00000E-03,+4.09666979E+00,+1.62124E-03
+80.05000E-03,+4.09610556E+00,+908.92E-06
+80.10000E-03,+4.09610556E+00,-951.64E-06
+80.15000E-03,+3.89510053E+00,+1.31662E-03
+80.20000E-03,+3.78196929E+00,-1.51448E-03
+80.25000E-03,+3.77563647E+00,-790.87E-06
+80.30000E-03,+3.92669081E+00,+3.00513E-03
+80.35000E-03,+3.79114950E+00,-1.42268E-03
+80.40000E-03,+3.87040730E+00,-136.23E-06
+80.45000E-03,+3.49309048E+00,+1.15021E-03
+80.50000E-03,+3.49309048E+00,-1.58345E-03
+80.55000E-03,+3.49309048E+00,+1.45457E-03
+80.60000E-03,+3.35583024E+00,+1.62688E-03
+80.65000E-03,+3.29208545E+00,-2.39322E-03
+80.70000E-03,+3.09108043E+00,-457.78E-06
+80.75000E-03,+3.09108043E+00,-383.17E-06
+80.80000E-03,+3.13990266E+00,-2.39322E-03
+80.85000E-03,+3.06754190E+00,-1.92245E-03
+80.90000E-03,+2.89007540E+00,-383.17E-06
+80.95000E-03,+2.68907037E+00,+1.29943E-03
+81.00000E-03,+2.68907037E+00,-779.32E-06
+81.05000E-03,+2.57709383E+00,+1.62688E-03
+81.10000E-03,+2.30372805E+00,+1.29353E-03
+81.15000E-03,+2.34275336E+00,-383.17E-06
+81.20000E-03,+2.08605529E+00,-383.17E-06
+81.25000E-03,+2.08664577E+00,-383.17E-06
+81.30000E-03,+2.08605529E+00,-1.10087E-03
+81.35000E-03,+1.94192425E+00,-1.82448E-03
+81.40000E-03,+1.88505027E+00,-383.17E-06
+81.45000E-03,+1.57088775E+00,-2.39322E-03
+81.50000E-03,+1.56463367E+00,-383.17E-06
+81.55000E-03,+1.51460425E+00,-2.07758E-03
+81.60000E-03,+1.58696501E+00,-451.61E-06
+81.65000E-03,+1.45832074E+00,+1.62688E-03
+81.70000E-03,+1.28203519E+00,+674.06E-06
+81.75000E-03,+1.08103016E+00,-2.00323E-03
+81.80000E-03,+1.08103016E+00,-469.59E-06
+81.85000E-03,+880.02513E-03,-3.12890E-03
+81.90000E-03,+880.02513E-03,+1.62688E-03
+81.95000E-03,+679.02011E-03,+1.55253E-03
+82.00000E-03,+599.22431E-03,+30.97E-06
+82.05000E-03,+478.01508E-03,-383.17E-06
+82.10000E-03,+454.50279E-03,+1.62688E-03
+82.15000E-03,+181.13701E-03,+2.58562E-03
+82.20000E-03,+76.00503E-03,-1.73779E-03
+82.25000E-03,+197.83098E-03,-1.60143E-03
+82.30000E-03,-125.00000E-03,-3.28376E-03
+82.35000E-03,-326.00503E-03,+1.12607E-03
+82.40000E-03,-270.33824E-03,+1.62688E-03
+82.45000E-03,-326.00503E-03,+1.62688E-03
+82.50000E-03,-527.62677E-03,+1.62072E-03
+82.55000E-03,-656.27104E-03,-2.53549E-03
+82.60000E-03,-728.01508E-03,-2.39322E-03
+82.65000E-03,-929.02011E-03,-2.23861E-03
+82.70000E-03,-929.02011E-03,-383.17E-06
+82.75000E-03,-969.84308E-03,-1.57676E-03
+82.80000E-03,-1.09848734E+00,+996.13E-06
+82.85000E-03,-1.13002513E+00,-383.17E-06
+82.90000E-03,-1.33103016E+00,+111.75E-06
+82.95000E-03,-1.48442014E+00,+674.58E-06
+83.00000E-03,-1.53203519E+00,+1.62688E-03
+83.05000E-03,-1.72437175E+00,-2.21985E-03
+83.10000E-03,-1.73304021E+00,+989.96E-06
+83.15000E-03,-1.79799218E+00,-2.39322E-03
+83.20000E-03,-2.13505027E+00,+1.55280E-03
+83.25000E-03,-2.21481982E+00,+1.62688E-03
+83.30000E-03,-1.98291996E+00,-2.88196E-03
+83.35000E-03,-2.33605529E+00,-2.39322E-03
+83.40000E-03,-2.44121352E+00,-2.48633E-03
+83.45000E-03,-2.67247042E+00,-1.73727E-03
+83.50000E-03,-2.41518188E+00,-383.17E-06
+83.55000E-03,-2.64898438E+00,-611.60E-06
+83.60000E-03,-2.73806535E+00,-2.56042E-03
+83.65000E-03,-2.68242480E+00,-383.17E-06
+83.70000E-03,-3.06707168E+00,-2.39322E-03
+83.75000E-03,-2.93907037E+00,+1.62045E-03
+83.80000E-03,-3.14007540E+00,+334.01E-06
+83.85000E-03,-3.19700187E+00,-383.17E-06
+83.90000E-03,-3.34108043E+00,-2.23887E-03
+83.95000E-03,-3.34108043E+00,-1.00697E-03
+84.00000E-03,-3.50123624E+00,-791.66E-06
+84.05000E-03,-3.51057391E+00,-383.17E-06
+84.10000E-03,-3.54208545E+00,-383.17E-06
+84.15000E-03,-3.39062435E+00,-1.89778E-03
+84.20000E-03,-3.69550168E+00,+568.61E-06
+84.25000E-03,-3.62314092E+00,-383.17E-06
+84.30000E-03,-3.75178519E+00,-296.22E-06
+84.35000E-03,-3.88042945E+00,+990.22E-06
+84.40000E-03,-3.94409551E+00,-383.17E-06
+84.45000E-03,-3.94409551E+00,-456.99E-06
+84.50000E-03,-3.94409551E+00,+2.04207E-03
+84.55000E-03,-3.99299647E+00,-872.18E-06
+84.60000E-03,-4.14510053E+00,+1.62688E-03
+84.65000E-03,-4.14510053E+00,-383.17E-06
+84.70000E-03,-4.17792424E+00,-711.40E-06
+84.75000E-03,-4.14510053E+00,+3.24156E-03
+84.80000E-03,-4.23420775E+00,-383.17E-06
+84.85000E-03,-4.32935911E+00,-215.70E-06
+84.90000E-03,-4.34610556E+00,-1.83707E-03
+84.95000E-03,-4.21813050E+00,+896.58E-06
+85.00000E-03,-4.54711059E+00,-2.38652E-03
+85.05000E-03,-4.34610556E+00,+2.20310E-03
+85.10000E-03,-4.54711059E+00,+1.62688E-03
+85.15000E-03,-4.36151361E+00,-2.39322E-03
+85.20000E-03,-4.34610556E+00,-637.84E-06
+85.25000E-03,-4.38698102E+00,-791.92E-06
+85.30000E-03,-4.54711059E+00,+1.31203E-03
+85.35000E-03,-4.65095665E+00,-1.42163E-03
+85.40000E-03,-4.72331741E+00,-135.18E-06
+85.45000E-03,-4.54711059E+00,+675.63E-06
+85.50000E-03,-4.34610556E+00,-1.58240E-03
+85.55000E-03,-4.73939466E+00,+1.53968E-03
+85.60000E-03,-4.62083599E+00,-1.01956E-03
+85.65000E-03,-4.54711059E+00,-383.17E-06
+85.70000E-03,-4.35346186E+00,-2.39322E-03
+85.75000E-03,-4.42582262E+00,+32.54E-06
+85.80000E-03,-4.39503276E+00,+1.13761E-03
+85.85000E-03,-4.34610556E+00,-383.17E-06
+85.90000E-03,-4.34610556E+00,-383.17E-06
+85.95000E-03,-4.34610556E+00,+1.62688E-03
+86.00000E-03,-4.34610556E+00,-778.27E-06
+86.05000E-03,-4.34610556E+00,-1.27450E-03
+86.10000E-03,-4.36287826E+00,-550.89E-06
+86.15000E-03,-4.20068860E+00,-1.28145E-03
+86.20000E-03,-4.27304936E+00,-2.39322E-03
+86.25000E-03,-4.14510053E+00,-369.26E-06
+86.30000E-03,-4.01576082E+00,-1.67656E-03
+86.35000E-03,-4.00107446E+00,-2.39322E-03
+86.40000E-03,-3.77385410E+00,-2.54703E-03
+86.45000E-03,-3.74309048E+00,-383.17E-06
+86.50000E-03,-3.98499721E+00,+25.85E-06
+86.55000E-03,-3.91263645E+00,-383.17E-06
+86.60000E-03,-3.74309048E+00,+1.62688E-03
+86.65000E-03,-3.71826603E+00,-2.14497E-03
+86.70000E-03,-3.58962177E+00,+1.62688E-03
+86.75000E-03,-3.54208545E+00,-383.17E-06
+86.80000E-03,-3.54208545E+00,-295.69E-06
+86.85000E-03,-3.34108043E+00,-383.17E-06
+86.90000E-03,-3.54208545E+00,-2.39322E-03
+86.95000E-03,-3.34108043E+00,+3.34373E-03
+87.00000E-03,-3.26138961E+00,-1.18007E-03
+87.05000E-03,-3.14007540E+00,+647.82E-06
+87.10000E-03,-2.98588500E+00,-851.31E-06
+87.15000E-03,-2.93907037E+00,-383.17E-06
+87.20000E-03,-2.97194657E+00,-711.93E-06
+87.25000E-03,-2.77754991E+00,-1.99837E-03
+87.30000E-03,-2.73806535E+00,-610.02E-06
+87.35000E-03,-2.72126641E+00,-551.16E-06
+87.40000E-03,-2.39161711E+00,-2.39322E-03
+87.45000E-03,-2.53706032E+00,-1.11399E-03
+87.50000E-03,-2.33677698E+00,-375.95E-06
+87.55000E-03,-2.46542125E+00,-383.17E-06
+87.60000E-03,-2.19205546E+00,+486.78E-06
+87.65000E-03,-1.94940080E+00,-383.17E-06
+87.70000E-03,-1.73304021E+00,+749.72E-06
+87.75000E-03,-1.89311730E+00,-2.39322E-03
+87.80000E-03,-1.90261242E+00,-1.76456E-03
+87.85000E-03,-1.63582876E+00,-1.42110E-03
+87.90000E-03,-1.53203519E+00,-383.17E-06
+87.95000E-03,-1.53203519E+00,-1.91812E-03
+88.00000E-03,-1.33103016E+00,-1.19451E-03
+88.05000E-03,-1.32225672E+00,+1.53915E-03
+88.10000E-03,-1.13002513E+00,-3.76739E-03
+88.15000E-03,-1.19508208E+00,-3.04379E-03
+88.20000E-03,-936.32392E-03,-383.17E-06
+88.25000E-03,-807.67966E-03,-383.17E-06
+88.30000E-03,-880.04042E-03,-383.17E-06
+88.35000E-03,-704.63401E-03,-850.79E-06
+88.40000E-03,-632.27325E-03,-478.38E-06
+88.45000E-03,-326.00503E-03,-712.19E-06
+88.50000E-03,-487.55173E-03,-1.99863E-03
+88.55000E-03,-214.18594E-03,+1.62688E-03
+88.60000E-03,+59.17984E-03,+1.45863E-03
+88.65000E-03,+165.93890E-03,-2.39322E-03
+88.70000E-03,+76.00503E-03,-1.66213E-03
+88.75000E-03,+276.26212E-03,-4.39579E-03
+88.80000E-03,+406.40225E-03,+332.96E-06
+88.85000E-03,+478.01508E-03,-2.39322E-03
+88.90000E-03,+663.69079E-03,-2.08663E-03
+88.95000E-03,+565.70516E-03,-383.17E-06
+89.00000E-03,+518.96927E-03,-2.39322E-03
+89.05000E-03,+911.43171E-03,-2.07915E-03
+89.10000E-03,+1.18479749E+00,-317.87E-06
+89.15000E-03,+904.90207E-03,-383.17E-06
+89.20000E-03,+1.28203519E+00,+91.67E-06
+89.25000E-03,+1.48304021E+00,+3.68E-06
+89.30000E-03,+1.47424053E+00,-2.30522E-03
+89.35000E-03,+1.54660129E+00,-383.17E-06
+89.40000E-03,+1.68404524E+00,-2.39322E-03
+89.45000E-03,+1.68404524E+00,-455.94E-06
+89.50000E-03,+1.88505027E+00,-2.39322E-03
+89.55000E-03,+1.98306213E+00,-873.22E-06
+89.60000E-03,+1.88505027E+00,-2.15967E-03
+89.65000E-03,+2.19134473E+00,-1.43606E-03
+89.70000E-03,+2.11898397E+00,-383.17E-06
+89.75000E-03,+2.28706032E+00,-777.49E-06
+89.80000E-03,+2.51064600E+00,-1.50109E-03
+89.85000E-03,+2.30391175E+00,-2.39322E-03
+89.90000E-03,+2.68907037E+00,-1.83812E-03
+89.95000E-03,+2.68907037E+00,+895.54E-06
+90.00000E-03,+2.68907037E+00,-4.38004E-03
+90.05000E-03,+2.81848882E+00,-1.81490E-03
+90.10000E-03,+2.89007540E+00,-383.17E-06
+90.15000E-03,+3.09108043E+00,-230.13E-06
+90.20000E-03,+3.20442162E+00,-383.17E-06
+90.25000E-03,+3.25110503E+00,-792.97E-06
+90.30000E-03,+3.32346579E+00,-2.39322E-03
+90.35000E-03,+3.29208545E+00,-2.39322E-03
+90.40000E-03,+3.46818730E+00,-3.90520E-03
+90.45000E-03,+3.54054806E+00,+677.73E-06
+90.50000E-03,+3.49309048E+00,-1.58135E-03
+90.55000E-03,+3.69409551E+00,-2.30496E-03
+90.60000E-03,+3.69409551E+00,-3.76792E-03
+90.65000E-03,+3.89510053E+00,+324.70E-06
+90.70000E-03,+4.09610556E+00,+1.55437E-03
+90.75000E-03,+3.81548844E+00,-3.60715E-03
+90.80000E-03,+4.04707338E+00,-1.90289E-03
+90.85000E-03,+4.07277698E+00,-616.45E-06
+90.90000E-03,+4.00041622E+00,+1.72315E-03
+90.95000E-03,+4.12906048E+00,-2.06367E-03
+91.00000E-03,+4.29711059E+00,-383.17E-06
+91.05000E-03,+4.20787216E+00,-2.16793E-03
+91.10000E-03,+4.29711059E+00,+1.45811E-03
+91.15000E-03,+4.15158865E+00,+517.22E-06
+91.20000E-03,+4.29711059E+00,-1.11478E-03
+91.25000E-03,+4.49811561E+00,-391.17E-06
+91.30000E-03,+4.36867093E+00,-1.67761E-03
+91.35000E-03,+4.35419451E+00,-1.82238E-03
+91.40000E-03,+4.48283878E+00,+1.47412E-03
+91.45000E-03,+4.29711059E+00,-383.17E-06
+91.50000E-03,+4.33811726E+00,+1.62688E-03
+91.55000E-03,+4.49811561E+00,-696.71E-06
+91.60000E-03,+4.49811561E+00,+653.98E-06
+91.65000E-03,+4.49811561E+00,-2.39322E-03
+91.70000E-03,+4.65168930E+00,-857.48E-06
+91.75000E-03,+4.49811561E+00,+428.96E-06
+91.80000E-03,+4.69026847E+00,+1.53836E-03
+91.85000E-03,+4.56162421E+00,+356.71E-06
+91.90000E-03,+4.29711059E+00,-383.17E-06
+91.95000E-03,+4.69189555E+00,+1.69914E-03
+92.00000E-03,+4.41852977E+00,-1.59736E-03
+92.05000E-03,+4.54717403E+00,-2.39322E-03
+92.10000E-03,+4.47481327E+00,-3.70420E-03
+92.15000E-03,+4.39277369E+00,-1.33980E-03
+92.20000E-03,+4.49811561E+00,-712.98E-06
+92.25000E-03,+4.33649018E+00,-11.65588E-03
+92.30000E-03,+4.18537023E+00,-7.30596E-03
+92.35000E-03,+4.29711059E+00,-4.06519E-03
+92.40000E-03,+4.24165374E+00,-2.94778E-03
+92.45000E-03,+4.29711059E+00,-1.66134E-03
+92.50000E-03,+4.29711059E+00,-2.39322E-03
+92.55000E-03,+4.22557649E+00,+1.62688E-03
+92.60000E-03,+4.09610556E+00,+2.19799E-03
+92.65000E-03,+4.08085497E+00,+1.47438E-03
+92.70000E-03,+3.98271189E+00,-383.17E-06
+92.75000E-03,+4.25607767E+00,+1.21656E-03
+92.80000E-03,+4.26578274E+00,+1.62688E-03
+92.85000E-03,+3.99878914E+00,+653.72E-06
+92.90000E-03,+3.89510053E+00,+1.12777E-03
+92.95000E-03,+3.94250563E+00,-1.33127E-03
+93.00000E-03,+3.77533468E+00,+1.62688E-03
+93.05000E-03,+3.69409551E+00,-294.38E-06
+93.10000E-03,+3.69409551E+00,-1.75839E-03
+93.15000E-03,+3.76477670E+00,+268.45E-06
+93.20000E-03,+3.67969782E+00,+1.55490E-03
+93.25000E-03,+3.49309048E+00,+831.29E-06
+93.30000E-03,+3.29208545E+00,-383.17E-06
+93.35000E-03,+3.49309048E+00,-2.16045E-03
+93.40000E-03,+3.29208545E+00,-2.39322E-03
+93.45000E-03,+3.09108043E+00,-713.24E-06
+93.50000E-03,+3.09108043E+00,-4.00973E-03
+93.55000E-03,+3.00178951E+00,-158.93E-06
+93.60000E-03,+3.07415027E+00,-383.17E-06
+93.65000E-03,+2.74450098E+00,+1.97402E-03
+93.70000E-03,+2.68907037E+00,+348.97E-06
+93.75000E-03,+2.48891825E+00,-2.39322E-03
+93.80000E-03,+2.68907037E+00,-1.09824E-03
+93.85000E-03,+2.34419673E+00,-1.82185E-03
+93.90000E-03,+2.28706032E+00,+1.62688E-03
+93.95000E-03,+1.97263538E+00,+751.03E-06
+94.00000E-03,+2.24600116E+00,-1.98262E-03
+94.05000E-03,+2.08605529E+00,-70.15E-06
+94.10000E-03,+1.78770760E+00,-1.35659E-03
+94.15000E-03,+1.70902715E+00,-2.39322E-03
+94.20000E-03,+1.68404524E+00,+1.15310E-03
+94.25000E-03,+1.68404524E+00,+429.49E-06
+94.30000E-03,+1.29984449E+00,+1.53784E-03
+94.35000E-03,+1.41958411E+00,-383.17E-06
+94.40000E-03,+1.21684703E+00,+920.60E-06
+94.45000E-03,+1.27486259E+00,+3.56521E-03
+94.50000E-03,+1.08103016E+00,+831.55E-06
+94.55000E-03,+1.03191925E+00,-383.17E-06
+94.60000E-03,+702.26996E-03,-615.66E-06
+94.65000E-03,+774.63072E-03,-1.43711E-03
+94.70000E-03,+478.01508E-03,+3.30660E-03
+94.75000E-03,+478.01508E-03,+1.62688E-03
+94.80000E-03,+478.01508E-03,+733.71E-06
+94.85000E-03,+92.96143E-03,-2.22365E-03
+94.90000E-03,+131.40939E-03,+170.88E-06
+94.95000E-03,+203.77015E-03,-1.66082E-03
+95.00000E-03,-124.12085E-03,-2.38442E-03
+95.05000E-03,-254.52341E-03,+331.65E-06
+95.10000E-03,-383.16768E-03,+1.62688E-03
+95.15000E-03,-140.19811E-03,-383.17E-06
+95.20000E-03,-614.56892E-03,+1.62688E-03
+95.25000E-03,-728.01508E-03,-383.17E-06
+95.30000E-03,-558.28541E-03,+1.00138E-03
+95.35000E-03,-728.01508E-03,+1.62688E-03
+95.40000E-03,-728.01508E-03,-133.08E-06
+95.45000E-03,-929.02011E-03,+90.36E-06
+95.50000E-03,-1.04873348E+00,+813.97E-06
+95.55000E-03,-1.13895603E+00,-472.47E-06
+95.60000E-03,-1.13002513E+00,+992.59E-06
+95.65000E-03,-1.53203519E+00,-1.03531E-03
+95.70000E-03,-1.33103016E+00,+1.55542E-03
+95.75000E-03,-1.73304021E+00,+1.62688E-03
+95.80000E-03,-1.68390306E+00,+1.13551E-03
+95.85000E-03,-1.91082163E+00,+930.18E-06
+95.90000E-03,-2.03946590E+00,+1.72525E-03
+95.95000E-03,-1.93404524E+00,-2.06262E-03
+96.00000E-03,-2.13505027E+00,+9.84E-06
+96.05000E-03,-2.24671189E+00,+1.62688E-03
+96.10000E-03,-2.16901555E+00,+1.62688E-03
+96.15000E-03,-2.53706032E+00,-383.17E-06
+96.20000E-03,-2.53706032E+00,+894.22E-06
+96.25000E-03,-2.73715996E+00,-383.17E-06
+96.30000E-03,-2.73806535E+00,+331.39E-06
+96.35000E-03,-2.53706032E+00,-383.17E-06
+96.40000E-03,-2.92389851E+00,-231.45E-06
+96.45000E-03,-3.02660300E+00,-383.17E-06
+96.50000E-03,-3.09896376E+00,+27.95E-06
+96.55000E-03,-3.10882629E+00,+1.93938E-03
+96.60000E-03,-3.14007540E+00,+1.56474E-03
+96.65000E-03,-3.16510979E+00,+1.37654E-03
+96.70000E-03,-3.49475909E+00,+563.36E-06
+96.75000E-03,-3.42239833E+00,+2.44006E-03
+96.80000E-03,-3.53312832E+00,-293.59E-06
+96.85000E-03,-3.54208545E+00,-2.39322E-03
+96.90000E-03,-3.54208545E+00,-383.17E-06
+96.95000E-03,-3.74309048E+00,-2.39322E-03
+97.00000E-03,-3.74309048E+00,+1.62688E-03
+97.05000E-03,-3.94409551E+00,-383.17E-06
+97.10000E-03,-4.09870580E+00,-383.17E-06
+97.15000E-03,-4.03965363E+00,-1.33875E-03
+97.20000E-03,-3.94409551E+00,+1.29602E-03
+97.25000E-03,-3.98337013E+00,-383.17E-06
+97.30000E-03,-4.14510053E+00,+510.53E-06
+97.35000E-03,-4.12809165E+00,-383.17E-06
+97.40000E-03,-4.14510053E+00,-1.28618E-03
+97.45000E-03,-4.27281317E+00,+349.76E-06
+97.50000E-03,-4.14416890E+00,+1.60825E-03
+97.55000E-03,-4.27467643E+00,+198.30E-06
+97.60000E-03,-4.34610556E+00,+3.06478E-03
+97.65000E-03,-4.53196497E+00,-383.17E-06
+97.70000E-03,-4.45960421E+00,+1.62688E-03
+97.75000E-03,-4.38724345E+00,+28.21E-06
+97.80000E-03,-4.34610556E+00,-70.94E-06
+97.85000E-03,-4.44968919E+00,-1.41900E-03
+97.90000E-03,-4.54711059E+00,+1.12567E-03
+97.95000E-03,-4.54711059E+00,-383.17E-06
+98.00000E-03,-4.46576645E+00,+47.11E-06
+98.05000E-03,-4.35508894E+00,+1.71672E-03
+98.10000E-03,-4.68473824E+00,-383.17E-06
+98.15000E-03,-4.68284873E+00,-1.03583E-03
+98.20000E-03,-4.54001672E+00,-2.39322E-03
+98.25000E-03,-4.34610556E+00,+411.38E-06
+98.30000E-03,-4.54711059E+00,-1.90132E-03
+98.35000E-03,-4.70177337E+00,-2.16150E-03
+98.40000E-03,-4.44163744E+00,-2.29380E-03
+98.45000E-03,-4.54711059E+00,-383.17E-06
+98.50000E-03,-4.50786221E+00,+2.85197E-03
+98.55000E-03,-4.45771470E+00,+510.79E-06
+98.60000E-03,-4.34610556E+00,-383.17E-06
+98.65000E-03,-4.40143119E+00,+1.62688E-03
+98.70000E-03,-4.41942420E+00,-383.17E-06
+98.75000E-03,-4.14605841E+00,+1.63646E-03
+98.80000E-03,-4.28790630E+00,-965.16E-06
+98.85000E-03,-4.28886418E+00,-675.97E-06
+98.90000E-03,-4.16021991E+00,+1.62688E-03
+98.95000E-03,-4.05762040E+00,+491.64E-06
+99.00000E-03,-4.18626467E+00,+4.00042E-03
+99.05000E-03,-4.11390391E+00,+1.00295E-03
+99.10000E-03,-4.04154315E+00,-322.07E-06
+99.15000E-03,-3.96918239E+00,+3.63693E-03
+99.20000E-03,-3.94409551E+00,+89.57E-06
+99.25000E-03,-3.94409551E+00,-2.01057E-03
+99.30000E-03,-3.74309048E+00,+1.62688E-03
+99.35000E-03,-3.74309048E+00,-1.75970E-03
+99.40000E-03,-3.94409551E+00,+269.77E-06
+99.45000E-03,-3.93702788E+00,-312.49E-06
+99.50000E-03,-3.62151384E+00,+832.60E-06
+99.55000E-03,-3.69387460E+00,-1.90106E-03
+99.60000E-03,-3.51894057E+00,-383.17E-06
+99.65000E-03,-3.14007540E+00,-1.43816E-03
+99.70000E-03,-3.14007540E+00,-51.78E-06
+99.75000E-03,-3.30185829E+00,-775.39E-06
+99.80000E-03,-3.02849251E+00,-1.49899E-03
+99.85000E-03,-2.93907037E+00,-41.94E-06
+99.90000E-03,-2.93907037E+00,-2.39322E-03
+99.95000E-03,-2.73806535E+00,+350.28E-06
+100.00000E-03,-2.93808625E+00,-2.39322E-03
+100.05000E-03,-2.53706032E+00,-1.09693E-03
+100.10000E-03,-2.68079772E+00,-1.52852E-03
+100.15000E-03,-2.33605529E+00,-232.23E-06
+100.20000E-03,-2.33605529E+00,-1.25770E-03
+100.25000E-03,-2.29486492E+00,-383.17E-06
+100.30000E-03,-2.30488491E+00,-383.17E-06
+100.35000E-03,-2.13505027E+00,-383.17E-06
+100.40000E-03,-1.95915836E+00,-132.03E-06
+100.45000E-03,-1.98129288E+00,+681.93E-06
+100.50000E-03,-1.73304021E+00,-1.19713E-03
+100.55000E-03,-1.54107106E+00,+1.53653E-03
+100.60000E-03,-1.66971532E+00,+993.64E-06
+100.65000E-03,-1.53203519E+00,-3.04641E-03
+100.70000E-03,-1.32398878E+00,+1.55647E-03
+100.75000E-03,-1.45263304E+00,-1.59919E-03
+100.80000E-03,-1.13002513E+00,+1.13446E-03
+100.85000E-03,-1.13002513E+00,-614.35E-06
+100.90000E-03,-1.22550453E+00,+672.09E-06
+100.95000E-03,-895.85524E-03,-1.72992E-03
+101.00000E-03,-688.81919E-03,-383.17E-06
+101.05000E-03,-638.56670E-03,-1.49873E-03
+101.10000E-03,-728.01508E-03,-383.17E-06
+101.15000E-03,-527.01005E-03,-2.39322E-03
+101.20000E-03,-326.00503E-03,-383.17E-06
+101.25000E-03,-326.00503E-03,+1.61678E-03
+101.30000E-03,-254.65463E-03,-1.09667E-03
+101.35000E-03,+18.71116E-03,-1.82028E-03
+101.40000E-03,+91.07192E-03,+1.47622E-03
+101.45000E-03,+76.00503E-03,-383.17E-06
+101.50000E-03,+235.79344E-03,+29.00E-06
+101.55000E-03,+308.15420E-03,-383.17E-06
+101.60000E-03,+575.51520E-03,+651.88E-06
+101.65000E-03,+679.02011E-03,-1.89043E-03
+101.70000E-03,+679.02011E-03,-2.39322E-03
+101.75000E-03,+880.02513E-03,-1.19739E-03
+101.80000E-03,+880.02513E-03,-473.79E-06
+101.85000E-03,+880.02513E-03,+1.62688E-03
+101.90000E-03,+1.28203519E+00,-1.73976E-03
+101.95000E-03,+1.28203519E+00,-383.17E-06
+102.00000E-03,+1.40366431E+00,+833.13E-06
+102.05000E-03,+1.48304021E+00,+1.62688E-03
+102.10000E-03,+1.52922500E+00,+1.39596E-03
+102.15000E-03,+1.88505027E+00,+2.68240E-03
+102.20000E-03,+1.85185915E+00,-2.06130E-03
+102.25000E-03,+1.88505027E+00,-774.86E-06
+102.30000E-03,+1.99658067E+00,-5.51857E-03
+102.35000E-03,+2.08605529E+00,-5.89990E-03
+102.40000E-03,+2.08605529E+00,+2.17935E-03
+102.45000E-03,+2.48806535E+00,+3.63693E-03
+102.50000E-03,+2.28809693E+00,+1.60615E-03
+102.55000E-03,+2.55938950E+00,-4.40327E-03
+102.60000E-03,+2.68907037E+00,-6.13056E-03
+102.65000E-03,+2.67402973E+00,-4.25286E-03
+102.70000E-03,+2.80267399E+00,-1.25718E-03
+102.75000E-03,+2.89007540E+00,+29.26E-06
+102.80000E-03,+2.89007540E+00,-2.08204E-03
+102.85000E-03,+2.99355406E+00,-2.33369E-03
+102.90000E-03,+3.26691985E+00,-383.17E-06
+102.95000E-03,+3.13827558E+00,+88.79E-06
+103.00000E-03,+3.29208545E+00,-1.57872E-03
+103.05000E-03,+3.29208545E+00,-383.17E-06
+103.10000E-03,+3.49309048E+00,+249.56E-06
+103.15000E-03,+3.49309048E+00,-1.08578E-03
+103.20000E-03,+3.50007938E+00,-453.05E-06
+103.25000E-03,+3.69409551E+00,-1.17666E-03
+103.30000E-03,+3.84580593E+00,-1.90027E-03
+103.35000E-03,+3.69409551E+00,-383.17E-06
+103.40000E-03,+3.89510053E+00,-281.65E-06
+103.45000E-03,+3.89510053E+00,-383.17E-06
+103.50000E-03,+3.89510053E+00,+1.23545E-03
+103.55000E-03,+3.89510053E+00,-1.27817E-03
+103.60000E-03,+4.11324566E+00,-211.76E-06
+103.65000E-03,+4.24188993E+00,-935.37E-06
+103.70000E-03,+4.15026337E+00,-1.65898E-03
+103.75000E-03,+4.29711059E+00,-2.39322E-03
+103.80000E-03,+4.29711059E+00,-1.68024E-03
+103.85000E-03,+4.38342290E+00,-1.81975E-03
+103.90000E-03,+4.29711059E+00,-2.39322E-03
+103.95000E-03,+4.41074045E+00,+753.13E-06
+104.00000E-03,+4.33837969E+00,+29.53E-06
+104.05000E-03,+4.46702396E+00,+1.00505E-03
+104.10000E-03,+4.40056300E+00,-1.35869E-03
+104.15000E-03,+4.49811561E+00,-383.17E-06
+104.20000E-03,+4.34427950E+00,-383.17E-06
+104.25000E-03,+4.41664026E+00,-817.38E-06
+104.30000E-03,+4.48900102E+00,-2.30207E-03
+104.35000E-03,+4.49811561E+00,+361.96E-06
+104.40000E-03,+4.43271751E+00,-1.08525E-03
+104.45000E-03,+4.50507827E+00,-2.39322E-03
+104.50000E-03,+4.49811561E+00,+410.07E-06
+104.55000E-03,+4.54743647E+00,-2.39322E-03
+104.60000E-03,+4.52115552E+00,-2.39322E-03
+104.65000E-03,+4.40271495E+00,-383.17E-06
+104.70000E-03,+4.63263344E+00,-50.73E-06
+104.75000E-03,+4.49811561E+00,-2.00204E-03
+104.80000E-03,+4.49811561E+00,-1.27844E-03
+104.85000E-03,+4.31427693E+00,-2.39322E-03
+104.90000E-03,+4.64392623E+00,-1.84127E-03
+104.95000E-03,+4.37056044E+00,-3.66877E-03
+105.00000E-03,+4.49811561E+00,-2.40411E-03
+105.05000E-03,+4.29711059E+00,-1.68050E-03
+105.10000E-03,+4.44074301E+00,-2.39322E-03
+105.15000E-03,+4.31209875E+00,-383.17E-06
+105.20000E-03,+4.29711059E+00,-120.09E-06
+105.25000E-03,+4.29711059E+00,-796.12E-06
+105.30000E-03,+4.12717097E+00,-693.82E-06
+105.35000E-03,+4.19953173E+00,+1.62688E-03
+105.40000E-03,+4.27189249E+00,-2.64540E-03
+105.45000E-03,+3.89510053E+00,+1.15546E-03
+105.50000E-03,+3.89510053E+00,-1.19818E-03
+105.55000E-03,+3.88595969E+00,-383.17E-06
+105.60000E-03,+3.89510053E+00,-1.76102E-03
+105.65000E-03,+3.89510053E+00,-1.73897E-03
+105.70000E-03,+3.88122771E+00,-313.80E-06
+105.75000E-03,+3.81580336E+00,-1.17614E-03
+105.80000E-03,+3.59178467E+00,+1.62688E-03
+105.85000E-03,+3.51610415E+00,-2.62335E-03
+105.90000E-03,+3.49309048E+00,-280.60E-06
+105.95000E-03,+3.32535530E+00,-715.86E-06
+106.00000E-03,+3.33117637E+00,-383.17E-06
+106.05000E-03,+3.40353713E+00,+2.74140E-03
+106.10000E-03,+3.29208545E+00,-555.09E-06
+106.15000E-03,+3.23691728E+00,-1.28985E-03
+106.20000E-03,+3.09108043E+00,-923.69E-06
+106.25000E-03,+3.08996509E+00,-394.32E-06
+106.30000E-03,+2.89007540E+00,+329.29E-06
+106.35000E-03,+2.89007540E+00,-957.15E-06
+106.40000E-03,+2.50302726E+00,+3.48732E-03
+106.45000E-03,+2.71543005E+00,+490.06E-06
+106.50000E-03,+2.48806535E+00,-2.80643E-03
+106.55000E-03,+2.48806535E+00,-72.77E-06
+106.60000E-03,+2.39046025E+00,-1.35922E-03
+106.65000E-03,+2.28706032E+00,-383.17E-06
+106.70000E-03,+2.28706032E+00,+1.15572E-03
+106.75000E-03,+1.96657811E+00,+811.61E-06
+106.80000E-03,+1.69321232E+00,-383.17E-06
+106.85000E-03,+1.88505027E+00,-383.17E-06
+106.90000E-03,+1.68404524E+00,-2.39322E-03
+106.95000E-03,+1.48995038E+00,-2.32411E-03
+107.00000E-03,+1.48304021E+00,-807.80E-06
+107.05000E-03,+1.43366688E+00,-1.40575E-03
+107.10000E-03,+1.28203519E+00,-383.17E-06
+107.15000E-03,+1.28203519E+00,-1.43973E-03
+107.20000E-03,+1.08103016E+00,+1.29392E-03
+107.25000E-03,+1.04196549E+00,-1.16446E-03
+107.30000E-03,+880.02513E-03,-164.71E-06
+107.35000E-03,+696.23894E-03,+1.62688E-03
+107.40000E-03,+679.02011E-03,+1.62688E-03
+107.45000E-03,+478.01508E-03,+1.62688E-03
+107.50000E-03,+676.73695E-03,+1.60405E-03
+107.55000E-03,+419.44841E-03,-383.17E-06
+107.60000E-03,+277.01005E-03,-1.81897E-03
+107.65000E-03,+76.00503E-03,-2.24386E-03
+107.70000E-03,-37.70357E-03,-2.39322E-03
+107.75000E-03,-125.00000E-03,-383.17E-06
+107.80000E-03,-125.00000E-03,-693.29E-06
+107.85000E-03,-331.74737E-03,-325.74E-06
+107.90000E-03,-326.00503E-03,-635.87E-06
+107.95000E-03,-373.09521E-03,-2.39322E-03
+108.00000E-03,-608.56414E-03,-2.82979E-03
+108.05000E-03,-728.01508E-03,-383.17E-06
+108.10000E-03,-791.18251E-03,-383.17E-06
+108.15000E-03,-1.13002513E+00,-383.17E-06
+108.20000E-03,-1.13002513E+00,-383.17E-06
+108.25000E-03,-1.13002513E+00,-2.39322E-03
+108.30000E-03,-1.28163058E+00,+1.13289E-03
+108.35000E-03,-1.33103016E+00,+1.16766E-03
+108.40000E-03,-1.43671325E+00,-1.44000E-03
+108.45000E-03,-1.69971789E+00,-1.04961E-03
+108.50000E-03,-1.57107362E+00,-2.39322E-03
+108.55000E-03,-1.84443940E+00,+512.89E-06
+108.60000E-03,-1.91680016E+00,+1.45443E-03
+108.65000E-03,-1.93404524E+00,-1.84206E-03
+108.70000E-03,-2.06152168E+00,+1.62688E-03
+108.75000E-03,-2.13505027E+00,-383.17E-06
+108.80000E-03,-2.39467445E+00,+914.96E-06
+108.85000E-03,-2.62316269E+00,-1.81870E-03
+108.90000E-03,-2.52215089E+00,+1.62688E-03
+108.95000E-03,-2.42332548E+00,+1.62688E-03
+109.00000E-03,-2.73806535E+00,-383.17E-06
+109.05000E-03,-2.90808369E+00,-1.77348E-03
+109.10000E-03,-3.03672796E+00,+1.62688E-03
+109.15000E-03,-2.96436720E+00,-383.17E-06
+109.20000E-03,-2.93907037E+00,+87.47E-06
+109.25000E-03,-2.93907037E+00,-383.17E-06
+109.30000E-03,-3.34108043E+00,-475.36E-06
+109.35000E-03,-3.20321659E+00,+364.06E-06
+109.40000E-03,-3.34108043E+00,+926.90E-06
+109.45000E-03,-3.34108043E+00,+1.48973E-03
+109.50000E-03,-3.58465360E+00,-1.17535E-03
+109.55000E-03,-3.49265963E+00,+111.09E-06
+109.60000E-03,-3.56502039E+00,+1.39754E-03
+109.65000E-03,-3.74309048E+00,+1.62688E-03
+109.70000E-03,-3.74309048E+00,-716.65E-06
+109.75000E-03,-3.58109764E+00,-383.17E-06
+109.80000E-03,-3.74309048E+00,-165.76E-06
+109.85000E-03,-3.94409551E+00,-555.88E-06
+109.90000E-03,-3.94409551E+00,-2.39322E-03
+109.95000E-03,-4.14510053E+00,-3.12876E-03
+110.00000E-03,-3.94409551E+00,-2.36933E-03
+110.05000E-03,-4.01526220E+00,-1.09483E-03
+110.10000E-03,-4.14510053E+00,-1.24366E-03
+110.15000E-03,-4.14510053E+00,+3.33927E-03
+110.20000E-03,-4.45986664E+00,-1.25561E-03
+110.25000E-03,-4.34610556E+00,-797.17E-06
+110.30000E-03,-4.51615015E+00,-2.08361E-03
+110.35000E-03,-4.44942676E+00,-383.17E-06
+110.40000E-03,-4.37142863E+00,-383.17E-06
+110.45000E-03,-4.34610556E+00,-383.17E-06
+110.50000E-03,-4.54711059E+00,-1.19923E-03
+110.55000E-03,-4.55635640E+00,-383.17E-06
+110.60000E-03,-4.34610556E+00,-1.01432E-03
+110.65000E-03,-4.54711059E+00,+272.13E-06
+110.70000E-03,-4.34610556E+00,-383.17E-06
+110.75000E-03,-4.54711059E+00,+408.76E-06
+110.80000E-03,-4.59656266E+00,+605.88E-06
+110.85000E-03,-4.72520692E+00,-383.17E-06
+110.90000E-03,-4.54711059E+00,-383.17E-06
+110.95000E-03,-4.17847535E+00,+1.29314E-03
+111.00000E-03,-4.67014372E+00,+6.69E-06
+111.05000E-03,-4.45745227E+00,+730.30E-06
+111.10000E-03,-4.38070068E+00,-2.22024E-03
+111.15000E-03,-4.49204739E+00,-25.01E-06
+111.20000E-03,-4.47352952E+00,-383.17E-06
+111.25000E-03,-4.34610556E+00,-395.37E-06
+111.30000E-03,-4.41724601E+00,+915.48E-06
+111.35000E-03,-4.40360938E+00,-958.20E-06
+111.40000E-03,-4.15995748E+00,+1.32975E-03
+111.45000E-03,-4.25888786E+00,+1.62688E-03
+111.50000E-03,-4.50568402E+00,-1.56468E-03
+111.55000E-03,-4.31517136E+00,+1.62688E-03
+111.60000E-03,-4.14510053E+00,+649.78E-06
+111.65000E-03,-4.29540694E+00,-129.67E-06
+111.70000E-03,-4.14510053E+00,-1.92310E-03
+111.75000E-03,-3.94409551E+00,-1.57689E-03
+111.80000E-03,-3.95336756E+00,-475.89E-06
+111.85000E-03,-4.00718421E+00,+996.00E-06
+111.90000E-03,-3.87853994E+00,-3.74771E-03
+111.95000E-03,-3.94409551E+00,-383.17E-06
+112.00000E-03,-3.74309048E+00,+2.41854E-03
+112.05000E-03,-3.74309048E+00,+2.64737E-03
+112.10000E-03,-3.72020803E+00,+1.39806E-03
+112.15000E-03,-3.64784727E+00,+674.45E-06
+112.20000E-03,-3.54208545E+00,+1.29287E-03
+112.25000E-03,-3.54208545E+00,-6.02372E-03
+112.30000E-03,-3.43076499E+00,-7.31016E-03
+112.35000E-03,-3.35840423E+00,-8.42337E-03
+112.40000E-03,-3.43201154E+00,-2.39322E-03
+112.45000E-03,-3.21368271E+00,-1.65714E-03
+112.50000E-03,-2.94031693E+00,-383.17E-06
+112.55000E-03,-3.01018458E+00,+2.92579E-03
+112.60000E-03,-2.93907037E+00,+3.63693E-03
+112.65000E-03,-2.95390107E+00,+1.62688E-03
+112.70000E-03,-2.73806535E+00,+1.62688E-03
+112.75000E-03,-2.89761757E+00,-383.17E-06
+112.80000E-03,-2.73806535E+00,-383.17E-06
+112.85000E-03,-2.64032903E+00,-383.17E-06
+112.90000E-03,-2.51168477E+00,+3.12942E-03
+112.95000E-03,-2.53706032E+00,-383.17E-06
+113.00000E-03,-2.33605529E+00,+810.29E-06
+113.05000E-03,-2.14434857E+00,-2.30023E-03
+113.10000E-03,-2.13505027E+00,-1.01379E-03
+113.15000E-03,-1.93404524E+00,-1.08158E-03
+113.20000E-03,-1.93404524E+00,-2.18985E-03
+113.25000E-03,-1.73304021E+00,-810.42E-06
+113.30000E-03,-1.58153974E+00,-2.39322E-03
+113.35000E-03,-1.53203519E+00,-383.17E-06
+113.40000E-03,-1.33103016E+00,-383.17E-06
+113.45000E-03,-1.33103016E+00,-383.17E-06
+113.50000E-03,-1.16895859E+00,-2.39322E-03
+113.55000E-03,-1.13002513E+00,-1.28027E-03
+113.60000E-03,-929.02011E-03,-383.17E-06
+113.65000E-03,-838.03650E-03,-933.27E-06
+113.70000E-03,-929.02011E-03,-1.65688E-03
+113.75000E-03,-728.01508E-03,-383.17E-06
+113.80000E-03,-598.09802E-03,-383.17E-06
+113.85000E-03,-383.56133E-03,-3.82770E-03
+113.90000E-03,-326.00503E-03,+1.47884E-03
+113.95000E-03,-238.83981E-03,-3.26487E-03
+114.00000E-03,-326.00503E-03,-2.39322E-03
+114.05000E-03,-125.00000E-03,-74.35E-06
+114.10000E-03,+179.24750E-03,-383.17E-06
+114.15000E-03,+76.00503E-03,+1.37287E-03
+114.20000E-03,+277.01005E-03,+1.62688E-03
+114.25000E-03,+195.32475E-03,-1.57636E-03
+114.30000E-03,+669.69556E-03,+1.53364E-03
+114.35000E-03,+541.05130E-03,-2.39322E-03
+114.40000E-03,+744.62816E-03,-1.03925E-03
+114.45000E-03,+685.77282E-03,-2.25816E-03
+114.50000E-03,+1.00191669E+00,+44.62E-06
+114.55000E-03,+929.55593E-03,-878.47E-06
+114.60000E-03,+1.25920522E+00,-2.16492E-03
+114.65000E-03,+1.17622088E+00,-383.17E-06
+114.70000E-03,+1.28203519E+00,+1.29235E-03
+114.75000E-03,+1.48304021E+00,-2.00414E-03
+114.80000E-03,+1.48304021E+00,+514.20E-06
+114.85000E-03,+1.68404524E+00,-209.40E-06
+114.90000E-03,+1.88505027E+00,-3.30358E-03
+114.95000E-03,+1.88505027E+00,+353.43E-06
+115.00000E-03,+1.88505027E+00,-383.17E-06
+115.05000E-03,+2.08605529E+00,-2.98203E-03
+115.10000E-03,+2.14363784E+00,+475.23E-06
+115.15000E-03,+2.47328713E+00,-678.73E-06
+115.20000E-03,+2.40092637E+00,+1.62688E-03
+115.25000E-03,+2.52957064E+00,-1.97816E-03
+115.30000E-03,+2.65821491E+00,-2.08466E-03
+115.35000E-03,+2.68907037E+00,-2.39322E-03
+115.40000E-03,+2.86464736E+00,-2.13894E-03
+115.45000E-03,+2.89007540E+00,-383.17E-06
+115.50000E-03,+3.00936888E+00,-383.17E-06
+115.55000E-03,+3.08172964E+00,-383.17E-06
+115.60000E-03,+3.15409040E+00,-383.17E-06
+115.65000E-03,+3.09108043E+00,-1.03951E-03
+115.70000E-03,+3.29208545E+00,-2.39322E-03
+115.75000E-03,+3.41400325E+00,-1.60234E-03
+115.80000E-03,+3.24252841E+00,+112.40E-06
+115.85000E-03,+3.47028676E+00,+1.39885E-03
+115.90000E-03,+3.70477158E+00,-2.49998E-03
+115.95000E-03,+3.69409551E+00,-717.96E-06
+116.00000E-03,+3.69409551E+00,-2.00441E-03
+116.05000E-03,+3.69409551E+00,-383.17E-06
+116.10000E-03,+3.71149804E+00,-383.17E-06
+116.15000E-03,+3.84014231E+00,-1.29405E-03
+116.20000E-03,+3.96878658E+00,+353.69E-06
+116.25000E-03,+4.09610556E+00,+1.60038E-03
+116.30000E-03,+3.95403460E+00,+327.19E-06
+116.35000E-03,+3.95270932E+00,-2.39322E-03
+116.40000E-03,+4.09610556E+00,-530.69E-06
+116.45000E-03,+4.20999786E+00,+487.96E-06
+116.50000E-03,+4.29711059E+00,+2.04220E-03
+116.55000E-03,+4.29711059E+00,+1.31859E-03
+116.60000E-03,+4.19392060E+00,-383.17E-06
+116.65000E-03,+4.47266133E+00,-2.13867E-03
+116.70000E-03,+4.45120914E+00,+688.76E-06
+116.75000E-03,+4.37884838E+00,+434.21E-06
+116.80000E-03,+4.68036658E+00,-2.39322E-03
+116.85000E-03,+4.49811561E+00,-3.14359E-03
+116.90000E-03,+4.36277112E+00,-383.17E-06
+116.95000E-03,+4.49141539E+00,-383.17E-06
+117.00000E-03,+4.49811561E+00,-383.17E-06
+117.05000E-03,+4.49811561E+00,+1.62688E-03
+117.10000E-03,+4.54367057E+00,-610.94E-06
+117.15000E-03,+4.40297738E+00,-1.44183E-03
+117.20000E-03,+4.53162165E+00,-2.05816E-03
+117.25000E-03,+4.49811561E+00,-2.00467E-03
+117.30000E-03,+4.29711059E+00,-1.28106E-03
+117.35000E-03,+4.49811561E+00,-383.17E-06
+117.40000E-03,+4.58925668E+00,-383.17E-06
+117.45000E-03,+4.49811561E+00,-1.12029E-03
+117.50000E-03,+4.29846211E+00,-369.65E-06
+117.55000E-03,+4.42710638E+00,-383.17E-06
+117.60000E-03,+4.49811561E+00,+1.05053E-03
+117.65000E-03,+4.49811561E+00,-4.10875E-03
+117.70000E-03,+4.29711059E+00,-1.25403E-03
+117.75000E-03,+4.29711059E+00,+1.21131E-03
+117.80000E-03,+4.46731263E+00,-999.23E-06
+117.85000E-03,+4.39495187E+00,-1.41480E-03
+117.90000E-03,+4.29711059E+00,-2.39322E-03
+117.95000E-03,+4.29711059E+00,-851.97E-06
+118.00000E-03,+4.29711059E+00,-383.17E-06
+118.05000E-03,+3.90450381E+00,-4.21520E-03
+118.10000E-03,+4.15906305E+00,-383.17E-06
+118.15000E-03,+4.09610556E+00,-1.07948E-03
+118.20000E-03,+4.10277954E+00,-316.43E-06
+118.25000E-03,+4.09610556E+00,+46.19E-06
+118.30000E-03,+4.09610556E+00,-383.17E-06
+118.35000E-03,+3.89510053E+00,+1.39937E-03
+118.40000E-03,+3.69409551E+00,-3.45215E-03
+118.45000E-03,+3.69409551E+00,+1.29156E-03
+118.50000E-03,+3.85627205E+00,-383.17E-06
+118.55000E-03,+3.71546897E+00,-1.28132E-03
+118.60000E-03,+3.49309048E+00,-208.62E-06
+118.65000E-03,+3.34699119E+00,-1.48128E-03
+118.70000E-03,+3.49309048E+00,+354.22E-06
+118.75000E-03,+3.49309048E+00,-355.61E-06
+118.80000E-03,+3.22110246E+00,+917.05E-06
+118.85000E-03,+3.29208545E+00,-959.78E-06
+118.90000E-03,+3.26268648E+00,-236.17E-06
+118.95000E-03,+2.91695994E+00,-383.17E-06
+119.00000E-03,+2.93165942E+00,+1.21104E-03
+119.05000E-03,+2.89007540E+00,+232.37E-06
+119.10000E-03,+2.68907037E+00,+595.51E-06
+119.15000E-03,+2.71457714E+00,-383.17E-06
+119.20000E-03,+2.48806535E+00,-383.17E-06
+119.25000E-03,+2.60728010E+00,-1.57531E-03
+119.30000E-03,+2.29648984E+00,-383.17E-06
+119.35000E-03,+2.42513410E+00,+368.26E-06
+119.40000E-03,+2.28706032E+00,-383.17E-06
+119.45000E-03,+2.09270303E+00,+1.56041E-03
+119.50000E-03,+2.08605529E+00,-1.17325E-03
+119.55000E-03,+1.68404524E+00,-1.89686E-03
+119.60000E-03,+1.70677023E+00,-155.92E-06
+119.65000E-03,+1.68404524E+00,-1.44236E-03
+119.70000E-03,+1.68404524E+00,-383.17E-06
+119.75000E-03,+1.64524300E+00,-1.61717E-03
+119.80000E-03,+1.37187721E+00,+515.25E-06
+119.85000E-03,+1.28203519E+00,-2.21840E-03
+119.90000E-03,+1.13590966E+00,-383.17E-06
+119.95000E-03,+1.08103016E+00,-383.17E-06
+120.00000E-03,+680.42412E-03,-369.13E-06
+120.05000E-03,+809.06839E-03,+1.62688E-03
+120.10000E-03,+679.02011E-03,+1.05001E-03
+120.15000E-03,+478.01508E-03,+3.34347E-03
+120.20000E-03,+478.01508E-03,-652.54E-06
+120.25000E-03,+478.01508E-03,-383.17E-06
+120.30000E-03,+76.00503E-03,-383.17E-06
+120.35000E-03,+179.11628E-03,-383.17E-06
+120.40000E-03,+277.01005E-03,-1.88256E-03
+120.45000E-03,-171.82775E-03,+85.11E-06
+120.50000E-03,-125.00000E-03,+2.00060E-03
+120.55000E-03,-508.09853E-03,-383.17E-06
+120.60000E-03,-388.91003E-03,-383.17E-06
+120.65000E-03,-527.01005E-03,+1.62688E-03
+120.70000E-03,-332.62652E-03,-383.17E-06
+120.75000E-03,-929.02011E-03,-1.60339E-03
+120.80000E-03,-728.01508E-03,+1.13026E-03
+120.85000E-03,-929.02011E-03,+1.39990E-03
+120.90000E-03,-929.02011E-03,+567.43E-06
+120.95000E-03,-1.13002513E+00,-383.17E-06
+121.00000E-03,-1.29225416E+00,+1.62688E-03
+121.05000E-03,-1.33103016E+00,+515.52E-06
+121.10000E-03,-1.51452768E+00,+3.63693E-03
+121.15000E-03,-1.47718193E+00,+1.62688E-03
+121.20000E-03,-1.65924920E+00,+1.09265E-03
+121.25000E-03,-1.73447047E+00,+1.61258E-03
+121.30000E-03,-2.06411976E+00,+917.58E-06
+121.35000E-03,-1.99175900E+00,-960.30E-06
+121.40000E-03,-2.13505027E+00,+1.62688E-03
+121.45000E-03,-2.13505027E+00,+486.91E-06
+121.50000E-03,-2.33605529E+00,+1.62688E-03
+121.55000E-03,-2.53706032E+00,-75.92E-06
+121.60000E-03,-2.33605529E+00,-1.36237E-03
+121.65000E-03,-2.53706032E+00,-383.17E-06
+121.70000E-03,-2.53706032E+00,+84.85E-06
+121.75000E-03,-2.61890308E+00,-383.17E-06
+121.80000E-03,-2.92958837E+00,+1.62688E-03
+121.85000E-03,-2.93907037E+00,-383.17E-06
+121.90000E-03,-3.14007540E+00,+1.62688E-03
+121.95000E-03,-2.93907037E+00,-2.26131E-03
+122.00000E-03,-3.34108043E+00,-383.17E-06
+122.05000E-03,-3.34108043E+00,+2.64317E-03
+122.10000E-03,-3.31840792E+00,+3.63693E-03
+122.15000E-03,-3.34108043E+00,-383.17E-06
+122.20000E-03,-3.40830243E+00,-47.06E-06
+122.25000E-03,-3.54208545E+00,-383.17E-06
+122.30000E-03,-3.65319597E+00,-4.40327E-03
+122.35000E-03,-3.35861418E+00,-2.56855E-03
+122.40000E-03,-3.59691246E+00,+3.08866E-03
+122.45000E-03,-3.74309048E+00,+3.63693E-03
+122.50000E-03,-3.94409551E+00,+1.64145E-03
+122.55000E-03,-3.94409551E+00,-1.80125E-03
+122.60000E-03,-3.94409551E+00,-3.82587E-03
+122.65000E-03,-3.94409551E+00,-529.37E-06
+122.70000E-03,-4.05811902E+00,+1.35646E-03
+122.75000E-03,-4.10343778E+00,+1.21026E-03
+122.80000E-03,-3.94409551E+00,+1.93386E-03
+122.85000E-03,-4.24304679E+00,-2.39322E-03
+122.90000E-03,-4.14510053E+00,+1.37103E-03
+122.95000E-03,-4.14510053E+00,-850.92E-06
+123.00000E-03,-4.22696954E+00,-755.84E-06
+123.05000E-03,-4.15460878E+00,-288.08E-06
+123.10000E-03,-4.14510053E+00,+998.36E-06
+123.15000E-03,-4.48131883E+00,-1.69900E-03
+123.20000E-03,-4.34610556E+00,-2.32753E-03
+123.25000E-03,-4.46818082E+00,+837.59E-06
+123.30000E-03,-4.34610556E+00,-383.17E-06
+123.35000E-03,-4.36875182E+00,-383.17E-06
+123.40000E-03,-4.54711059E+00,-383.17E-06
+123.45000E-03,-4.51347334E+00,-719.54E-06
+123.50000E-03,-4.54711059E+00,-2.00598E-03
+123.55000E-03,-4.63703134E+00,-1.28237E-03
+123.60000E-03,-4.52955059E+00,-558.77E-06
+123.65000E-03,-4.69331485E+00,+164.84E-06
+123.70000E-03,-4.47326709E+00,-1.65478E-03
+123.75000E-03,-4.54711059E+00,-397.99E-06
+123.80000E-03,-4.41698358E+00,-1.09195E-03
+123.85000E-03,-4.54711059E+00,+194.50E-06
+123.90000E-03,-4.73352110E+00,+1.62688E-03
+123.95000E-03,-4.37320004E+00,+1.89783E-03
+124.00000E-03,-4.54711059E+00,+33.72E-06
+124.05000E-03,-4.54711059E+00,-2.08650E-03
+124.10000E-03,-4.44407806E+00,-1.36289E-03
+124.15000E-03,-4.32049382E+00,-383.17E-06
+124.20000E-03,-4.29935654E+00,-383.17E-06
+124.25000E-03,-4.26421031E+00,-2.39322E-03
+124.30000E-03,-4.15463502E+00,-2.20253E-03
+124.35000E-03,-4.28327929E+00,-1.13669E-03
+124.40000E-03,-4.14510053E+00,-1.73504E-03
+124.45000E-03,-4.33956280E+00,-383.17E-06
+124.50000E-03,-4.26720204E+00,+837.85E-06
+124.55000E-03,-3.94409551E+00,-880.57E-06
+124.60000E-03,-4.16772055E+00,+1.40068E-03
+124.65000E-03,-3.84911473E+00,-1.44341E-03
+124.70000E-03,-3.94409551E+00,-46.53E-06
+124.75000E-03,-3.78178775E+00,+1.23991E-03
+124.80000E-03,-3.72197945E+00,+727.41E-06
+124.85000E-03,-3.72550424E+00,+1.45102E-03
+124.90000E-03,-3.54208545E+00,-1.84547E-03
+124.95000E-03,-3.66922074E+00,+149.49E-06
+125.00000E-03,-3.34108043E+00,-383.17E-06
+125.05000E-03,-3.54208545E+00,+325.35E-06
+125.10000E-03,-3.34108043E+00,+194.76E-06
+125.15000E-03,-3.32651216E+00,-383.17E-06
+125.20000E-03,-3.25415140E+00,-383.17E-06
+125.25000E-03,-3.14007540E+00,-800.32E-06
+125.30000E-03,-2.93907037E+00,+3.33048E-03
+125.35000E-03,-3.03706912E+00,-383.17E-06
+125.40000E-03,-2.76370333E+00,-639.55E-06
+125.45000E-03,-2.73806535E+00,-1.92599E-03
+125.50000E-03,-2.53706032E+00,-11.55E-06
+125.55000E-03,-2.51793886E+00,+1.53128E-03
+125.60000E-03,-2.53706032E+00,+998.88E-06
+125.65000E-03,-2.13505027E+00,-2.39322E-03
+125.70000E-03,-2.52402728E+00,-383.17E-06
+125.75000E-03,-2.21392755E+00,-1.17194E-03
+125.80000E-03,-2.13505027E+00,-2.39322E-03
+125.85000E-03,-1.80082153E+00,-609.10E-06
+125.90000E-03,-2.02899977E+00,-1.44367E-03
+125.95000E-03,-1.93404524E+00,-2.05632E-03
+126.00000E-03,-1.73304021E+00,+853.46E-06
+126.05000E-03,-1.53203519E+00,-383.17E-06
+126.10000E-03,-1.51442271E+00,-559.29E-06
+126.15000E-03,-1.33103016E+00,-383.17E-06
+126.20000E-03,-1.45813920E+00,-1.86109E-03
+126.25000E-03,-1.32949493E+00,-383.17E-06
+126.30000E-03,-999.84564E-03,-1.68496E-03
+126.35000E-03,-929.02011E-03,-1.81503E-03
+126.40000E-03,-914.47808E-03,-528.59E-06
+126.45000E-03,-728.01508E-03,-111.17E-06
+126.50000E-03,-769.75656E-03,-800.58E-06
+126.55000E-03,-356.62431E-03,-383.17E-06
+126.60000E-03,-424.03002E-03,-1.36342E-03
+126.65000E-03,-326.00503E-03,-4.40327E-03
+126.70000E-03,-171.69653E-03,-2.39322E-03
+126.75000E-03,-125.00000E-03,-383.17E-06
+126.80000E-03,-105.82605E-03,-479.04E-06
+126.85000E-03,+214.23627E-03,-3.77553E-03
+126.90000E-03,+76.00503E-03,-1.73451E-03
+126.95000E-03,+283.50033E-03,-448.07E-06
+127.00000E-03,+277.01005E-03,-1.17168E-03
+127.05000E-03,+478.01508E-03,+1.12895E-03
+127.10000E-03,+679.02011E-03,+1.40121E-03
+127.15000E-03,+773.94840E-03,-3.34250E-03
+127.20000E-03,+880.02513E-03,-46.01E-06
+127.25000E-03,+918.66992E-03,-383.17E-06
+127.30000E-03,+991.03068E-03,-173.11E-06
+127.35000E-03,+1.09866888E+00,-5.88415E-03
+127.40000E-03,+1.42831818E+00,-2.39322E-03
+127.45000E-03,+1.28203519E+00,-383.17E-06
+127.50000E-03,+1.48460168E+00,+3.59009E-03
+127.55000E-03,+1.61324595E+00,-2.27929E-03
+127.60000E-03,+1.82720529E+00,-1.81477E-03
+127.65000E-03,+1.87053448E+00,-5.83269E-03
+127.70000E-03,+1.77092178E+00,-383.17E-06
+127.75000E-03,+2.08605529E+00,-1.55786E-03
+127.80000E-03,+2.11664833E+00,-689.10E-06
+127.85000E-03,+2.38511155E+00,-1.36368E-03
+127.90000E-03,+2.31275079E+00,-2.13631E-03
+127.95000E-03,+2.48806535E+00,-2.39322E-03
+128.00000E-03,+2.45100828E+00,-2.02265E-03
+128.05000E-03,+2.67945715E+00,-2.39322E-03
+128.10000E-03,+2.82732786E+00,+371.93E-06
+128.15000E-03,+2.82417867E+00,-1.73425E-03
+128.20000E-03,+2.69553441E+00,-2.39322E-03
+128.25000E-03,+3.01225563E+00,-1.17141E-03
+128.30000E-03,+3.09108043E+00,-4.40327E-03
+128.35000E-03,+3.26954417E+00,-608.58E-06
+128.40000E-03,+3.29208545E+00,-2.39322E-03
+128.45000E-03,+3.25834323E+00,-720.59E-06
+128.50000E-03,+3.29208545E+00,-2.00703E-03
+128.55000E-03,+3.58311621E+00,-1.49296E-03
+128.60000E-03,+3.51075545E+00,-736.46E-06
+128.65000E-03,+3.54778627E+00,-1.84626E-03
+128.70000E-03,+3.56703895E+00,-1.12265E-03
+128.75000E-03,+3.69409551E+00,-383.17E-06
+128.80000E-03,+4.02533251E+00,-1.68549E-03
+128.85000E-03,+4.03823434E+00,-2.97193E-03
+128.90000E-03,+3.89510053E+00,-383.17E-06
+128.95000E-03,+3.92240496E+00,-2.66626E-03
+129.00000E-03,+4.01251762E+00,-2.39322E-03
+129.05000E-03,+3.95623412E+00,-383.17E-06
+129.10000E-03,+4.09610556E+00,-1.36394E-03
+129.15000E-03,+4.27139387E+00,-640.33E-06
+129.20000E-03,+4.29711059E+00,+694.00E-06
+129.25000E-03,+4.29711059E+00,-1.20317E-03
+129.30000E-03,+4.29711059E+00,-2.29682E-03
+129.35000E-03,+4.37267302E+00,-3.14884E-03
+129.40000E-03,+4.29711059E+00,-383.17E-06
+129.45000E-03,+4.30354838E+00,-2.32884E-03
+129.50000E-03,+4.41931706E+00,-1.60523E-03
+129.55000E-03,+4.39680202E+00,-383.17E-06
+129.60000E-03,+4.31962563E+00,-158.02E-06
+129.65000E-03,+4.40323981E+00,-270.63E-06
+129.70000E-03,+4.46434715E+00,-2.05553E-03
+129.75000E-03,+4.49811561E+00,-2.00729E-03
+129.80000E-03,+4.49811561E+00,+726.36E-06
+129.85000E-03,+4.68142943E+00,-4.22635E-03
+129.90000E-03,+4.58978154E+00,-929.86E-06
+129.95000E-03,+4.57209033E+00,+147.39E-06
+130.00000E-03,+4.49811561E+00,-2.39322E-03
+130.05000E-03,+4.49811561E+00,+324.30E-06
+130.10000E-03,+4.49811561E+00,-383.17E-06
+130.15000E-03,+4.51257891E+00,-4.11400E-03
+130.20000E-03,+4.41129156E+00,-109.60E-06
+130.25000E-03,+4.49811561E+00,-383.17E-06
+130.30000E-03,+4.46757507E+00,-2.39322E-03
+130.35000E-03,+4.49811561E+00,-1.41218E-03
+130.40000E-03,+4.49811561E+00,-2.39322E-03
+130.45000E-03,+4.34372839E+00,+1.16071E-03
+130.50000E-03,+4.29711059E+00,-2.39322E-03
+130.55000E-03,+4.48844991E+00,-383.17E-06
+130.60000E-03,+4.43542056E+00,-3.77632E-03
+130.65000E-03,+4.16205477E+00,+1.65846E-03
+130.70000E-03,+4.29711059E+00,+1.43454E-03
+130.75000E-03,+4.29711059E+00,-2.39322E-03
+130.80000E-03,+4.09610556E+00,-383.17E-06
+130.85000E-03,+4.27462179E+00,-2.39322E-03
+130.90000E-03,+3.98995009E+00,+565.33E-06
+130.95000E-03,+4.09610556E+00,-383.17E-06
+131.00000E-03,+4.09610556E+00,-768.83E-06
+131.05000E-03,+3.89510053E+00,-1.49243E-03
+131.10000E-03,+3.89510053E+00,-2.21604E-03
+131.15000E-03,+3.89510053E+00,-2.39322E-03
+131.20000E-03,+3.69409551E+00,+886.87E-06
+131.25000E-03,+3.69245531E+00,-383.17E-06
+131.30000E-03,+3.56381104E+00,-383.17E-06
+131.35000E-03,+3.49309048E+00,-1.81398E-03
+131.40000E-03,+3.11995453E+00,-238.80E-06
+131.45000E-03,+3.37888327E+00,+1.62688E-03
+131.50000E-03,+3.25023900E+00,+1.20842E-03
+131.55000E-03,+3.09108043E+00,-2.08807E-03
+131.60000E-03,+3.09108043E+00,-3.42197E-03
+131.65000E-03,+3.26631625E+00,-2.39322E-03
+131.70000E-03,+2.89007540E+00,-849.08E-06
+131.75000E-03,+2.80802269E+00,+437.36E-06
+131.80000E-03,+2.68907037E+00,-286.25E-06
+131.85000E-03,+2.68907037E+00,-2.39322E-03
+131.90000E-03,+2.68907037E+00,-383.17E-06
+131.95000E-03,+2.68907037E+00,-2.20166E-03
+132.00000E-03,+2.48806535E+00,+839.42E-06
+132.05000E-03,+2.33695852E+00,-383.17E-06
+132.10000E-03,+2.28706032E+00,+3.18768E-03
+132.15000E-03,+2.08605529E+00,-383.17E-06
+132.20000E-03,+2.05223434E+00,-2.05501E-03
+132.25000E-03,+1.92359008E+00,-6.02792E-03
+132.30000E-03,+1.88505027E+00,-10.43342E-03
+132.35000E-03,+1.70178894E+00,-6.23588E-03
+132.40000E-03,+1.59227434E+00,-929.34E-06
+132.45000E-03,+1.55706742E+00,-1.12344E-03
+132.50000E-03,+1.28370163E+00,-2.37655E-03
+132.55000E-03,+1.21134087E+00,+3.63693E-03
+132.60000E-03,+1.33998514E+00,+2.20638E-03
+132.65000E-03,+908.84675E-03,+3.49283E-03
+132.70000E-03,+1.08103016E+00,-383.17E-06
+132.75000E-03,+1.03915746E+00,+2.79948E-03
+132.80000E-03,+880.02513E-03,-383.17E-06
+132.85000E-03,+777.17631E-03,+645.32E-06
+132.90000E-03,+478.01508E-03,+1.62688E-03
+132.95000E-03,+277.01005E-03,+1.16123E-03
+133.00000E-03,+277.01005E-03,-383.17E-06
+133.05000E-03,+277.01005E-03,+1.52970E-03
+133.10000E-03,+285.14E-06,-383.17E-06
+133.15000E-03,-125.00000E-03,-1.04318E-03
+133.20000E-03,-118.64094E-03,-446.76E-06
+133.25000E-03,-326.00503E-03,-383.17E-06
+133.30000E-03,-125.00000E-03,+116.08E-06
+133.35000E-03,-348.44134E-03,-383.17E-06
+133.40000E-03,-538.42093E-03,+564.81E-06
+133.45000E-03,-527.01005E-03,+1.62688E-03
+133.50000E-03,-766.52865E-03,-768.30E-06
+133.55000E-03,-818.14578E-03,-383.17E-06
+133.60000E-03,-911.25017E-03,-560.87E-06
+133.65000E-03,-1.07543431E+00,+1.08098E-03
+133.70000E-03,-929.02011E-03,-383.17E-06
+133.75000E-03,-1.32933747E+00,+1.60996E-03
+133.80000E-03,-1.20069321E+00,-1.79653E-03
+133.85000E-03,-1.61708783E+00,-383.17E-06
+133.90000E-03,-1.54641975E+00,+1.62688E-03
+133.95000E-03,-1.61878051E+00,-383.17E-06
+134.00000E-03,-1.73304021E+00,+1.62688E-03
+134.05000E-03,-2.10458845E+00,-2.08860E-03
+134.10000E-03,-2.03686782E+00,-383.17E-06
+134.15000E-03,-2.13505027E+00,+133.27E-06
+134.20000E-03,-2.18158934E+00,+1.62688E-03
+134.25000E-03,-2.41816049E+00,-383.17E-06
+134.30000E-03,-2.33605529E+00,+1.62688E-03
+134.35000E-03,-2.67544902E+00,-1.76705E-03
+134.40000E-03,-2.60308826E+00,+277.11E-06
+134.45000E-03,-2.54339314E+00,-2.26656E-03
+134.50000E-03,-2.61575390E+00,-383.17E-06
+134.55000E-03,-2.88911968E+00,-383.17E-06
+134.60000E-03,-2.91666030E+00,+1.40278E-03
+134.65000E-03,-3.14007540E+00,+679.18E-06
+134.70000E-03,-2.97294381E+00,-721.90E-06
+134.75000E-03,-3.10158808E+00,+1.71E-06
+134.80000E-03,-3.34108043E+00,+1.62688E-03
+134.85000E-03,-3.32328424E+00,+1.62688E-03
+134.90000E-03,-3.19463998E+00,+535.59E-06
+134.95000E-03,-3.66901079E+00,+1.62688E-03
+135.00000E-03,-3.54208545E+00,+1.60970E-03
+135.05000E-03,-3.81373231E+00,-1.08958E-03
+135.10000E-03,-3.80109292E+00,-1.23317E-03
+135.15000E-03,-3.74309048E+00,+1.48330E-03
+135.20000E-03,-3.94409551E+00,+759.69E-06
+135.25000E-03,-3.74309048E+00,+36.09E-06
+135.30000E-03,-3.77352606E+00,-687.52E-06
+135.35000E-03,-3.93950786E+00,+1.62688E-03
+135.40000E-03,-4.11925260E+00,-383.17E-06
+135.45000E-03,-4.14510053E+00,+547.09E-06
+135.50000E-03,-3.94409551E+00,+438.15E-06
+135.55000E-03,-4.14510053E+00,-578.58E-06
+135.60000E-03,-4.14510053E+00,-383.17E-06
+135.65000E-03,-4.28005138E+00,+277.38E-06
+135.70000E-03,-4.33979899E+00,+3.57387E-03
+135.75000E-03,-4.22376787E+00,-733.14E-06
+135.80000E-03,-4.19507747E+00,+627.35E-06
+135.85000E-03,-4.34610556E+00,-383.17E-06
+135.90000E-03,-4.34610556E+00,-383.17E-06
+135.95000E-03,-4.31220588E+00,-1.06116E-03
+136.00000E-03,-4.54711059E+00,+386.06E-06
+136.05000E-03,-4.34610556E+00,+2.73510E-03
+136.10000E-03,-4.36392799E+00,-204.94E-06
+136.15000E-03,-4.40064389E+00,-928.55E-06
+136.20000E-03,-4.54711059E+00,+885.83E-06
+136.25000E-03,-4.54536541E+00,+1.60943E-03
+136.30000E-03,-4.47649500E+00,-383.17E-06
+136.35000E-03,-4.54711059E+00,-652.36E-06
+136.40000E-03,-4.34610556E+00,+1.48356E-03
+136.45000E-03,-4.54711059E+00,+2.49381E-03
+136.50000E-03,-4.54711059E+00,+2.79791E-03
+136.55000E-03,-4.37651489E+00,-383.17E-06
+136.60000E-03,-4.44887565E+00,+599.18E-06
+136.65000E-03,-4.49536224E+00,+3.11945E-03
+136.70000E-03,-4.54711059E+00,+1.16202E-03
+136.75000E-03,-4.46495291E+00,+1.62688E-03
+136.80000E-03,-4.34610556E+00,+1.62688E-03
+136.85000E-03,-4.34610556E+00,-1.76758E-03
+136.90000E-03,-4.21118096E+00,+277.64E-06
+136.95000E-03,-4.33982523E+00,-194.76E-06
+137.00000E-03,-4.26746447E+00,+403.25E-06
+137.05000E-03,-4.19510371E+00,-383.17E-06
+137.10000E-03,-4.14510053E+00,+1.40331E-03
+137.15000E-03,-4.25138722E+00,-383.17E-06
+137.20000E-03,-4.14510053E+00,+1.62688E-03
+137.25000E-03,-4.14510053E+00,-2.00887E-03
+137.30000E-03,-4.05489110E+00,+518.93E-06
+137.35000E-03,-3.94409551E+00,+1.62688E-03
+137.40000E-03,-3.79760257E+00,-383.17E-06
+137.45000E-03,-3.94409551E+00,-1.65189E-03
+137.50000E-03,-3.74486190E+00,-383.17E-06
+137.55000E-03,-3.74309048E+00,+322.73E-06
+137.60000E-03,-3.74309048E+00,+777.93E-06
+137.65000E-03,-3.54208545E+00,-2.10710E-03
+137.70000E-03,-3.54208545E+00,+760.22E-06
+137.75000E-03,-3.38305810E+00,+36.61E-06
+137.80000E-03,-3.34108043E+00,-2.08939E-03
+137.85000E-03,-3.34108043E+00,+599.45E-06
+137.90000E-03,-3.34108043E+00,-124.16E-06
+137.95000E-03,-2.93907037E+00,+81.44E-06
+138.00000E-03,-3.14007540E+00,-383.17E-06
+138.05000E-03,-2.93907037E+00,-284.93E-06
+138.10000E-03,-2.86314054E+00,+1.00151E-03
+138.15000E-03,-2.80417202E+00,+965.82E-06
+138.20000E-03,-2.73806535E+00,-383.17E-06
+138.25000E-03,-2.61567517E+00,+840.74E-06
+138.30000E-03,-2.68803593E+00,-2.39322E-03
+138.35000E-03,-2.35838664E+00,-383.17E-06
+138.40000E-03,-2.33605529E+00,-383.17E-06
+138.45000E-03,-2.16900243E+00,-383.17E-06
+138.50000E-03,-2.13505027E+00,-2.00913E-03
+138.55000E-03,-1.93404524E+00,+1.42155E-03
+138.60000E-03,-1.75091513E+00,+1.62688E-03
+138.65000E-03,-1.87955939E+00,-1.30350E-03
+138.70000E-03,-1.80719863E+00,+885.30E-06
+138.75000E-03,-1.73304021E+00,+1.60891E-03
+138.80000E-03,-1.46147209E+00,-383.17E-06
+138.85000E-03,-1.33103016E+00,+465.26E-06
+138.90000E-03,-1.33103016E+00,+1.48409E-03
+138.95000E-03,-1.13002513E+00,+483.24E-06
+139.00000E-03,-1.28902625E+00,+2.79686E-03
+139.05000E-03,-1.13002513E+00,+1.62688E-03
+139.10000E-03,-929.02011E-03,-383.17E-06
+139.15000E-03,-728.01508E-03,-2.13395E-03
+139.20000E-03,-573.44415E-03,-1.92887E-03
+139.25000E-03,-527.01005E-03,-1.57111E-03
+139.30000E-03,-527.01005E-03,+1.52839E-03
+139.35000E-03,-187.51135E-03,-1.14299E-03
+139.40000E-03,-392.13794E-03,-1.04449E-03
+139.45000E-03,-319.77718E-03,-2.33094E-03
+139.50000E-03,-2.58358E-03,-1.60733E-03
+139.55000E-03,-74.94434E-03,-1.89266E-03
+139.60000E-03,+98.31012E-03,-383.17E-06
+139.65000E-03,+170.67088E-03,-2.50995E-03
+139.70000E-03,+478.01508E-03,-43.38E-06
+139.75000E-03,+315.39240E-03,-2.39322E-03
+139.80000E-03,+679.02011E-03,-2.39322E-03
+139.85000E-03,+679.02011E-03,-2.57223E-03
+139.90000E-03,+679.02011E-03,+161.43E-06
+139.95000E-03,+1.08103016E+00,-383.17E-06
+140.00000E-03,+1.08103016E+00,+1.62688E-03
+140.05000E-03,+1.01049330E+00,-2.39322E-03
+140.10000E-03,+1.13913757E+00,-3.82219E-03
+140.15000E-03,+1.29628854E+00,-383.17E-06
+140.20000E-03,+1.48304021E+00,+2.49303E-03
+140.25000E-03,+1.52507037E+00,-1.97291E-03
+140.30000E-03,+1.65371464E+00,-383.17E-06
+140.35000E-03,+1.68404524E+00,-3.37635E-03
+140.40000E-03,+2.06010239E+00,-4.14374E-03
+140.45000E-03,+2.03964744E+00,-847.24E-06
+140.50000E-03,+2.20482391E+00,+439.20E-06
+140.55000E-03,+2.09593094E+00,-383.17E-06
+140.60000E-03,+2.28706032E+00,+241.69E-06
+140.65000E-03,+2.55422450E+00,-3.08008E-03
+140.70000E-03,+2.49426695E+00,-4.27923E-03
+140.75000E-03,+2.61050801E+00,-2.39322E-03
+140.80000E-03,+2.63898847E+00,-1.89240E-03
+140.85000E-03,+2.68907037E+00,-383.17E-06
+140.90000E-03,+2.90180120E+00,-1.32956E-03
+140.95000E-03,+2.89007540E+00,-2.05317E-03
+141.00000E-03,+3.09108043E+00,-2.77678E-03
+141.05000E-03,+3.07065172E+00,-2.39322E-03
+141.10000E-03,+2.92593020E+00,-2.39322E-03
+141.15000E-03,+3.43865712E+00,-1.84888E-03
+141.20000E-03,+3.36629636E+00,-1.65111E-03
+141.25000E-03,+3.49309048E+00,-2.39322E-03
+141.30000E-03,+3.42257987E+00,+321.94E-06
+141.35000E-03,+3.49309048E+00,+198.17E-06
+141.40000E-03,+3.49309048E+00,-383.17E-06
+141.45000E-03,+3.72192480E+00,-1.52734E-03
+141.50000E-03,+3.85304413E+00,+1.20632E-03
+141.55000E-03,+3.89510053E+00,-4.10022E-03
+141.60000E-03,+3.99776565E+00,-3.37661E-03
+141.65000E-03,+4.07012641E+00,-383.17E-06
+141.70000E-03,+3.94148215E+00,-2.39322E-03
+141.75000E-03,+4.09610556E+00,-18.37E-06
+141.80000E-03,+4.09610556E+00,-4.20523E-03
+141.85000E-03,+4.09610556E+00,-1.76863E-03
+141.90000E-03,+4.29711059E+00,-3.74141E-03
+141.95000E-03,+4.29093523E+00,-2.26971E-03
+142.00000E-03,+4.34104338E+00,-822.49E-06
+142.05000E-03,+4.49811561E+00,-1.89213E-03
+142.10000E-03,+4.29711059E+00,+1.84941E-03
+142.15000E-03,+4.39172396E+00,-383.17E-06
+142.20000E-03,+4.49811561E+00,-723.47E-06
+142.25000E-03,+4.29711059E+00,-383.17E-06
+142.30000E-03,+4.60880624E+00,-4.40327E-03
+142.35000E-03,+4.49811561E+00,-2.39322E-03
+142.40000E-03,+4.64471352E+00,+1.62688E-03
+142.45000E-03,+4.37134774E+00,+4.37931E-03
+142.50000E-03,+4.69536786E+00,-2.37445E-03
+142.55000E-03,+4.49811561E+00,-4.40327E-03
+142.60000E-03,+4.55627551E+00,-4.40327E-03
+142.65000E-03,+4.49811561E+00,-525.17E-06
+142.70000E-03,+4.41155399E+00,-383.17E-06
+142.75000E-03,+4.54019826E+00,-383.17E-06
+142.80000E-03,+4.32738870E+00,+1.32410E-03
+142.85000E-03,+4.60075449E+00,-383.17E-06
+142.90000E-03,+4.49811561E+00,+1.36683E-03
+142.95000E-03,+4.38982133E+00,+1.62688E-03
+143.00000E-03,+4.58040451E+00,+1.62688E-03
+143.05000E-03,+4.49811561E+00,-383.17E-06
+143.10000E-03,+4.43568299E+00,-383.17E-06
+143.15000E-03,+4.29711059E+00,-383.17E-06
+143.20000E-03,+4.30325970E+00,-444.66E-06
+143.25000E-03,+4.21860071E+00,-2.39322E-03
+143.30000E-03,+4.49811561E+00,-2.39322E-03
+143.35000E-03,+4.45366288E+00,-827.69E-06
+143.40000E-03,+4.28527982E+00,-2.27491E-03
+143.45000E-03,+4.26305345E+00,+1.28631E-03
+143.50000E-03,+4.09610556E+00,-4.02023E-03
+143.55000E-03,+4.20676994E+00,-383.17E-06
+143.60000E-03,+4.09610556E+00,+1.44709E-03
+143.65000E-03,+4.09610556E+00,+160.64E-06
+143.70000E-03,+3.89510053E+00,+141.62E-06
+143.75000E-03,+4.09420293E+00,-364.14E-06
+143.80000E-03,+3.76455363E+00,-2.28952E-03
+143.85000E-03,+3.83691439E+00,-965.03E-06
+143.90000E-03,+3.69409551E+00,-383.17E-06
+143.95000E-03,+3.78063089E+00,-383.17E-06
+144.00000E-03,+3.69409551E+00,+784.71E-06
+144.05000E-03,+3.49309048E+00,-383.17E-06
+144.10000E-03,+3.29208545E+00,-383.17E-06
+144.15000E-03,+3.49309048E+00,-383.17E-06
+144.20000E-03,+3.33841458E+00,+1.16359E-03
+144.25000E-03,+3.20977031E+00,-1.57006E-03
+144.30000E-03,+3.29208545E+00,+1.52734E-03
+144.35000E-03,+3.22967907E+00,-2.39322E-03
+144.40000E-03,+3.15731831E+00,-2.39322E-03
+144.45000E-03,+3.08495755E+00,+1.50443E-03
+144.50000E-03,+2.89007540E+00,-1.95284E-03
+144.55000E-03,+2.68907037E+00,-383.17E-06
+144.60000E-03,+2.33146057E+00,+1.40488E-03
+144.65000E-03,+2.48806535E+00,-2.51205E-03
+144.70000E-03,+2.48806535E+00,-724.00E-06
+144.75000E-03,+2.48806535E+00,-383.17E-06
+144.80000E-03,+2.28706032E+00,-2.39322E-03
+144.85000E-03,+2.10406142E+00,+1.26676E-03
+144.90000E-03,+2.23270569E+00,+160.38E-06
+144.95000E-03,+2.08605529E+00,-383.17E-06
+145.00000E-03,+1.88312139E+00,-4.34540E-03
+145.05000E-03,+1.81461838E+00,-1.68890E-03
+145.10000E-03,+1.68404524E+00,+1.62688E-03
+145.15000E-03,+1.49718859E+00,-524.65E-06
+145.20000E-03,+1.48304021E+00,+1.62688E-03
+145.25000E-03,+1.32417032E+00,-383.17E-06
+145.30000E-03,+1.31226082E+00,-80.91E-06
+145.35000E-03,+1.08103016E+00,-3.37740E-03
+145.40000E-03,+1.25597731E+00,-1.87206E-03
+145.45000E-03,+1.03472728E+00,-383.17E-06
+145.50000E-03,+962.36652E-03,+803.47E-06
+145.55000E-03,+679.02011E-03,+3.63693E-03
+145.60000E-03,+679.02011E-03,+240.64E-06
+145.65000E-03,+612.75598E-03,+279.48E-06
+145.70000E-03,+478.01508E-03,-2.39322E-03
+145.75000E-03,+277.01005E-03,-726.84E-06
+145.80000E-03,+76.00503E-03,-383.17E-06
+145.85000E-03,+76.00503E-03,-383.17E-06
+145.90000E-03,-18.52962E-03,-502.52E-06
+145.95000E-03,+76.00503E-03,-383.17E-06
+146.00000E-03,-326.00503E-03,+1.24437E-03
+146.05000E-03,-527.01005E-03,+722.95E-06
+146.10000E-03,-508.97768E-03,-563.49E-06
+146.15000E-03,-581.33844E-03,-1.30665E-03
+146.20000E-03,-601.32593E-03,-383.17E-06
+146.25000E-03,-929.02011E-03,-383.17E-06
+146.30000E-03,-929.02011E-03,+320.89E-06
+146.35000E-03,-987.25873E-03,-965.55E-06
+146.40000E-03,-1.13002513E+00,-241.94E-06
+146.45000E-03,-1.33103016E+00,+762.06E-06
+146.50000E-03,-1.37319153E+00,-383.17E-06
+146.55000E-03,-1.53203519E+00,-685.16E-06
+146.60000E-03,-1.53203519E+00,+1.62688E-03
+146.65000E-03,-1.53203519E+00,-122.32E-06
+146.70000E-03,-1.57831183E+00,-1.46768E-03
+146.75000E-03,-1.81540784E+00,+803.21E-06
+146.80000E-03,-1.93404524E+00,-2.29315E-03
+146.85000E-03,-1.99639913E+00,+1.76632E-03
+146.90000E-03,-2.20347455E+00,+1.62688E-03
+146.95000E-03,-2.32998491E+00,+1.56618E-03
+147.00000E-03,-2.29191256E+00,+401.15E-06
+147.05000E-03,-2.38626841E+00,+1.62688E-03
+147.10000E-03,-2.35820293E+00,+1.18393E-03
+147.15000E-03,-2.53706032E+00,-503.05E-06
+147.20000E-03,-2.73806535E+00,-383.17E-06
+147.25000E-03,-2.81451513E+00,+862.39E-06
+147.30000E-03,-2.93907037E+00,+722.69E-06
+147.35000E-03,-2.95712899E+00,-2.21263E-03
+147.40000E-03,-2.99337252E+00,-383.17E-06
+147.45000E-03,-2.93907037E+00,-1.64979E-03
+147.50000E-03,-3.14205676E+00,-383.17E-06
+147.55000E-03,-3.34108043E+00,+320.63E-06
+147.60000E-03,-3.48382058E+00,+1.62688E-03
+147.65000E-03,-3.36927221E+00,+1.48593E-03
+147.70000E-03,-3.62854210E+00,-383.17E-06
+147.75000E-03,-3.58427307E+00,+1.20501E-03
+147.80000E-03,-3.57225860E+00,-684.90E-06
+147.85000E-03,-3.64461936E+00,+2.65222E-03
+147.90000E-03,-3.74309048E+00,+1.36578E-03
+147.95000E-03,-3.69684008E+00,+701.88E-06
+148.00000E-03,-4.06270666E+00,+1.62688E-03
+148.05000E-03,-3.93406240E+00,+1.62688E-03
+148.10000E-03,-4.14510053E+00,-383.17E-06
+148.15000E-03,-4.01041212E+00,-1.73005E-03
+148.20000E-03,-4.13905639E+00,-383.17E-06
+148.25000E-03,-4.14510053E+00,-1.60917E-03
+148.30000E-03,-4.14510053E+00,-3.39848E-03
+148.35000E-03,-4.16722193E+00,-161.95E-06
+148.40000E-03,-4.25162340E+00,+561.66E-06
+148.45000E-03,-4.31194345E+00,-383.17E-06
+148.50000E-03,-4.14510053E+00,+1.62688E-03
+148.55000E-03,-4.45666497E+00,+1.62688E-03
+148.60000E-03,-4.14510053E+00,+5.10444E-03
+148.65000E-03,-4.49283469E+00,+159.59E-06
+148.70000E-03,-4.49484229E+00,-1.64953E-03
+148.75000E-03,-4.34610556E+00,+1.60681E-03
+148.80000E-03,-4.54711059E+00,+923.35E-06
+148.85000E-03,-4.40439667E+00,+1.04397E-03
+148.90000E-03,-4.73404597E+00,+3.35554E-03
+148.95000E-03,-4.25967515E+00,-1.52891E-03
+149.00000E-03,-4.54711059E+00,+1.20475E-03
+149.05000E-03,-4.37625246E+00,-81.70E-06
+149.10000E-03,-4.35011586E+00,-383.17E-06
+149.15000E-03,-4.54711059E+00,-383.17E-06
+149.20000E-03,-4.50088643E+00,-1.93097E-03
+149.25000E-03,-4.51094579E+00,+802.68E-06
+149.30000E-03,-4.54711059E+00,-2.39322E-03
+149.35000E-03,-4.20740194E+00,-1.00618E-03
+149.40000E-03,-4.48076773E+00,-383.17E-06
+149.45000E-03,-4.54109269E+00,-443.34E-06
+149.50000E-03,-4.34610556E+00,-383.17E-06
+149.55000E-03,-4.34610556E+00,-1.38790E-03
+149.60000E-03,-4.36820071E+00,-1.95131E-03
+149.65000E-03,-4.25164965E+00,-1.32772E-03
+149.70000E-03,-4.34610556E+00,-1.70945E-03
+149.75000E-03,-4.34610556E+00,+863.44E-06
+149.80000E-03,-4.14510053E+00,-383.17E-06
+149.85000E-03,-4.32799446E+00,-383.17E-06
+149.90000E-03,-4.14510053E+00,-2.39322E-03
+149.95000E-03,-4.14510053E+00,+1.62688E-03
+150.00000E-03,-3.94612936E+00,-423.84E-06
+150.05000E-03,-3.94409551E+00,-986.68E-06
+150.10000E-03,-3.94409551E+00,+3.05376E-03
+150.15000E-03,-3.91600870E+00,-242.73E-06
+150.20000E-03,-3.94409551E+00,+1.62688E-03
+150.25000E-03,-3.70085038E+00,-1.97081E-03
+150.30000E-03,-3.71296982E+00,-1.79080E-03
+150.35000E-03,-3.74704829E+00,-1.36840E-03
+150.40000E-03,-3.54208545E+00,-1.86996E-03
+150.45000E-03,-3.34108043E+00,+78.81E-06
+150.50000E-03,-3.42352678E+00,-1.56875E-03
+150.55000E-03,-3.53199986E+00,-484.02E-06
+150.60000E-03,-3.20235056E+00,-2.39322E-03
+150.65000E-03,-3.14007540E+00,-1.06583E-03
+150.70000E-03,-2.93907037E+00,-383.17E-06
+150.75000E-03,-2.93907037E+00,-1.60969E-03
+150.80000E-03,-2.98936222E+00,-1.89030E-03
+150.85000E-03,-2.93907037E+00,+1.18551E-03
+150.90000E-03,-2.73806535E+00,-383.17E-06
+150.95000E-03,-2.53706032E+00,-725.31E-06
+151.00000E-03,-2.53706032E+00,-764.63E-06
+151.05000E-03,-2.44656222E+00,-1.28815E-03
+151.10000E-03,-2.35419264E+00,-201.79E-06
+151.15000E-03,-2.13505027E+00,-2.39322E-03
+151.20000E-03,-2.20947112E+00,-383.17E-06
+151.25000E-03,-1.93610533E+00,-2.37261E-03
+151.30000E-03,-1.93404524E+00,+319.84E-06
+151.35000E-03,-1.93404524E+00,+200.27E-06
+151.40000E-03,-1.74705737E+00,-2.25304E-03
+151.45000E-03,-1.93404524E+00,-1.24694E-03
+151.50000E-03,-1.53203519E+00,+39.50E-06
+151.55000E-03,-1.50194077E+00,-383.17E-06
+151.60000E-03,-1.42958001E+00,+602.33E-06
+151.65000E-03,-1.30484107E+00,-121.27E-06
+151.70000E-03,-1.13002513E+00,-383.17E-06
+151.75000E-03,-1.13002513E+00,-1.20789E-03
+151.80000E-03,-738.12692E-03,-2.39322E-03
+151.85000E-03,-790.26400E-03,-1.77073E-03
+151.90000E-03,-929.02011E-03,-1.72926E-03
+151.95000E-03,-722.04967E-03,-4.28396E-03
+152.00000E-03,-527.01005E-03,+2.85367E-03
+152.05000E-03,-376.32312E-03,-1.89003E-03
+152.10000E-03,-348.04769E-03,-2.17279E-03
+152.15000E-03,-219.40343E-03,-2.27123E-03
+152.20000E-03,-90.75916E-03,-383.17E-06
+152.25000E-03,+114.12495E-03,-4.02207E-03
+152.30000E-03,+76.00503E-03,-8.22380E-03
+152.35000E-03,+258.84647E-03,-8.42337E-03
+152.40000E-03,+277.01005E-03,-2.93519E-03
+152.45000E-03,+403.56799E-03,-904.27E-06
+152.50000E-03,+478.01508E-03,-2.39322E-03
+152.55000E-03,+548.28951E-03,-1.69047E-03
+152.60000E-03,+821.65529E-03,+3.05324E-03
+152.65000E-03,+866.03422E-03,+5.50708E-03
+152.70000E-03,+966.37681E-03,+1.62688E-03
+152.75000E-03,+1.08103016E+00,-383.17E-06
+152.80000E-03,+1.25196702E+00,-683.85E-06
+152.85000E-03,+1.38446412E+00,-383.17E-06
+152.90000E-03,+1.65782990E+00,+1.36473E-03
+152.95000E-03,+1.32818061E+00,+78.29E-06
+153.00000E-03,+1.80255142E+00,-383.17E-06
+153.05000E-03,+1.69418332E+00,-2.39322E-03
+153.10000E-03,+1.88505027E+00,+382.43E-06
+153.15000E-03,,
